date,open,high,low,close,volume
2010-01-04,7.345184803009033,7.354074001312256,7.250370025634766,7.262221813201904,6416888
2010-01-05,7.247406959533691,7.247406959533691,7.191111087799072,7.235556125640869,3860325
2010-01-06,7.229629993438721,7.271111011505127,7.18222188949585,7.250370025634766,4047300
2010-01-07,7.229629993438721,7.2948150634765625,7.167407035827637,7.28000020980835,3344625
2010-01-08,7.247406959533691,7.28000020980835,7.223703861236572,7.274074077606201,2347988
2010-01-11,7.28592586517334,7.2948150634765625,7.199999809265137,7.288888931274414,1932863
2010-01-12,7.241480827331543,7.3333330154418945,7.241480827331543,7.318519115447998,3079688
2010-01-13,7.354074001312256,7.4637041091918945,7.324443817138672,7.454814910888672,3587625
2010-01-14,7.422222137451172,7.451851844787598,7.336296081542969,7.392592906951904,3586613
2010-01-15,7.3659257888793945,7.428147792816162,7.3629631996154785,7.386666774749756,3751313
2010-01-19,7.386666774749756,7.4340739250183105,7.28592586517334,7.345184803009033,5590688
2010-01-20,7.309629917144775,7.392592906951904,7.303703784942627,7.3629631996154785,3127275
2010-01-21,7.386666774749756,7.437036991119385,7.33036994934082,7.410369873046875,6163088
2010-01-22,7.445926189422607,7.457777976989746,7.282962799072266,7.318519115447998,4027388
2010-01-25,7.38370418548584,7.3955559730529785,7.28592586517334,7.345184803009033,2043225
2010-01-26,7.31259298324585,7.407406806945801,7.2948150634765625,7.318519115447998,1933538
2010-01-27,7.300741195678711,7.377778053283691,7.2266669273376465,7.318519115447998,3288263
2010-01-28,7.33036994934082,7.33036994934082,7.232593059539795,7.250370025634766,2472188
2010-01-29,7.250370025634766,7.282962799072266,7.208889007568359,7.208889007568359,4723313
2010-02-01,7.247406959533691,7.271111011505127,7.188148021697998,7.250370025634766,3332138
2010-02-02,7.250370025634766,7.271111011505127,7.220740795135498,7.250370025634766,3658500
2010-02-03,7.223703861236572,7.2266669273376465,7.1644439697265625,7.173333168029785,2698313
2010-02-04,7.140740871429443,7.232593059539795,7.134815216064453,7.143703937530518,3786413
2010-02-05,7.128889083862305,7.232593059539795,7.078518867492676,7.1644439697265625,3640613
2010-02-08,7.15259313583374,7.220740795135498,7.081480979919434,7.179258823394775,3245738
2010-02-09,7.262221813201904,7.481481075286865,7.235556125640869,7.38370418548584,5663925
2010-02-10,7.38370418548584,7.416296005249023,7.309629917144775,7.3955559730529785,2974725
2010-02-11,7.371851921081543,7.440000057220459,7.35703706741333,7.419259071350098,3514050
2010-02-12,7.371851921081543,7.437036991119385,7.31259298324585,7.4340739250183105,5265675
2010-02-16,7.454814910888672,7.487407207489014,7.374814987182617,7.472592830657959,2613263
2010-02-17,7.469629764556885,7.508148193359375,7.422222137451172,7.451851844787598,1937250
2010-02-18,7.451851844787598,7.567407131195068,7.440000057220459,7.567407131195068,2095200
2010-02-19,7.543704032897949,7.579258918762207,7.5170369148254395,7.570370197296143,1632825
2010-02-22,7.570370197296143,7.59407377243042,7.525926113128662,7.573332786560059,1491413
2010-02-23,7.576295852661133,7.629630088806152,7.552593231201172,7.582221984863281,2236950
2010-02-24,7.608889102935791,7.674074172973633,7.573332786560059,7.635556221008301,2744213
2010-02-25,7.573332786560059,7.682962894439697,7.534814834594727,7.677036762237549,3164063
2010-02-26,7.682962894439697,7.694815158843994,7.608889102935791,7.626667022705078,2142450
2010-03-01,7.62074089050293,7.677036762237549,7.6148152351379395,7.677036762237549,1266300
2010-03-02,7.688889026641846,7.7244439125061035,7.671111106872559,7.700740814208984,1760063
2010-03-03,7.697778224945068,7.771852016448975,7.66518497467041,7.733333110809326,2550825
2010-03-04,7.727406978607178,7.7688889503479,7.712593078613281,7.733333110809326,1837013
2010-03-05,7.777778148651123,7.828147888183594,7.709630012512207,7.8251848220825195,3021638
2010-03-08,7.842963218688965,7.925926208496094,7.807406902313232,7.920000076293945,2608875
2010-03-09,7.774815082550049,7.842963218688965,7.762962818145752,7.777778148651123,3800250
2010-03-10,7.765925884246826,7.789629936218262,7.703703880310059,7.748147964477539,2705063
2010-03-11,7.727406978607178,7.801480770111084,7.709630012512207,7.783703804016113,2273063
2010-03-12,7.819259166717529,7.819259166717529,7.697778224945068,7.730370044708252,2057738
2010-03-15,7.703703880310059,7.703703880310059,7.626667022705078,7.668148040771484,2528550
2010-03-16,7.674074172973633,7.677036762237549,7.579258918762207,7.641480922698975,2325713
2010-03-17,7.641480922698975,7.671111106872559,7.573332786560059,7.605926036834717,3942675
2010-03-18,7.5851850509643555,7.632593154907227,7.56148099899292,7.59407377243042,2994638
2010-03-19,7.59407377243042,7.650370121002197,7.558518886566162,7.59407377243042,4371975
2010-03-22,7.567407131195068,7.644443988800049,7.56148099899292,7.582221984863281,1213988
2010-03-23,7.591111183166504,7.62074089050293,7.552593231201172,7.6148152351379395,1656450
2010-03-24,7.608889102935791,7.641480922698975,7.582221984863281,7.602962970733643,1645650
2010-03-25,7.576295852661133,7.700740814208984,7.56148099899292,7.638518810272217,2543738
2010-03-26,7.644443988800049,7.706666946411133,7.629630088806152,7.674074172973633,2560613
2010-03-29,7.727406978607178,7.760000228881836,7.6859259605407715,7.760000228881836,1714500
2010-03-30,7.762962818145752,7.79555606842041,7.727406978607178,7.748147964477539,1659825
2010-03-31,7.733333110809326,7.783703804016113,7.709630012512207,7.730370044708252,2383425
2010-04-01,7.771852016448975,7.810369968414307,7.71851921081543,7.751111030578613,1973363
2010-04-05,7.748147964477539,7.748147964477539,7.700740814208984,7.739258766174316,2251463
2010-04-06,7.703703880310059,7.774815082550049,7.697778224945068,7.762962818145752,1700663
2010-04-07,7.739258766174316,7.8222222328186035,7.739258766174316,7.798519134521484,1855575
2010-04-08,7.762962818145752,7.807406902313232,7.727406978607178,7.7362961769104,1297688
2010-04-09,7.751111030578613,7.760000228881836,7.700740814208984,7.733333110809326,1445175
2010-04-12,7.7155561447143555,7.798519134521484,7.697778224945068,7.79555606842041,1615950
2010-04-13,7.7688889503479,7.810369968414307,7.7540740966796875,7.7866668701171875,1888988
2010-04-14,7.819259166717529,8.011852264404297,7.819259166717529,8.011852264404297,2144475
2010-04-15,7.982222080230713,8.071110725402832,7.9674072265625,8.038518905639648,1976063
2010-04-16,8.011852264404297,8.103704452514648,7.982222080230713,8.0,6994350
2010-04-19,7.9674072265625,8.053333282470703,7.952592849731445,8.038518905639648,3452288
2010-04-20,8.07703685760498,8.130370140075684,7.994073867797852,8.085926055908203,4034475
2010-04-21,8.071110725402832,8.222222328186035,8.071110725402832,8.222222328186035,4831650
2010-04-22,8.165925979614258,8.25777816772461,8.151110649108887,8.251852035522461,4667963
2010-04-23,8.272592544555664,8.331851959228516,8.207406997680664,8.269630432128906,2593013
2010-04-26,8.284443855285645,8.284443855285645,8.210370063781738,8.248888969421387,2899125
2010-04-27,8.201480865478516,8.28148078918457,7.952592849731445,7.952592849731445,5149575
2010-04-28,8.0,8.162962913513184,8.0,8.074073791503906,4651425
2010-04-29,8.136296272277832,8.14222240447998,8.008889198303223,8.094815254211426,3819150
2010-04-30,8.106666564941406,8.124444007873535,7.988148212432861,8.0,4598775
2010-05-03,8.005926132202148,8.100741386413574,8.0,8.094815254211426,2495813
2010-05-04,8.04444408416748,8.074073791503906,7.925926208496094,8.026666641235352,4862025
2010-05-05,7.937777996063232,8.094815254211426,7.92888879776001,8.011852264404297,4825238
2010-05-06,8.0,8.071110725402832,7.644443988800049,7.911110877990723,7059150
2010-05-07,7.905185222625732,7.997036933898926,7.810369968414307,7.840000152587891,8842838
2010-05-10,8.008889198303223,8.100741386413574,7.979259014129639,8.100741386413574,6055088
2010-05-11,8.029629707336426,8.248888969421387,8.0,8.219259262084961,5894438
2010-05-12,8.248888969421387,8.248888969421387,8.082962989807129,8.118518829345703,5127638
2010-05-13,8.06222152709961,8.145185470581055,8.050370216369629,8.050370216369629,3527888
2010-05-14,8.023703575134277,8.065184593200684,7.9555559158325195,8.0,5493150
2010-05-17,8.029629707336426,8.239999771118164,8.02074146270752,8.228148460388184,5643338
2010-05-18,8.296296119689941,8.305185317993164,8.047407150268555,8.056296348571777,3836025
2010-05-19,8.06222152709961,8.106666564941406,7.985185146331787,8.065184593200684,3049650
2010-05-20,7.952592849731445,8.002963066101074,7.831110954284668,7.834074020385742,5482350
2010-05-21,7.771852016448975,7.816296100616455,7.700740814208984,7.813333034515381,7900875
2010-05-24,7.789629936218262,7.875555992126465,7.742221832275391,7.780741214752197,5015250
2010-05-25,7.647407054901123,7.878519058227539,7.611852169036865,7.869629859924316,7842488
2010-05-26,7.89629602432251,7.905185222625732,7.807406902313232,7.8222222328186035,6296738
2010-05-27,7.934814929962158,8.112592697143555,7.887406826019287,8.106666564941406,3768188
2010-05-28,8.091852188110352,8.139259338378906,8.011852264404297,8.07703685760498,4514738
2010-06-01,8.065184593200684,8.228148460388184,8.02074146270752,8.02074146270752,9493538
2010-06-02,8.038518905639648,8.213333129882812,7.97333288192749,8.213333129882812,5811750
2010-06-03,8.248888969421387,8.248888969421387,8.121480941772461,8.198518753051758,3891038
2010-06-04,8.112592697143555,8.130370140075684,7.92888879776001,7.949629783630371,5663925
2010-06-07,7.982222080230713,8.029629707336426,7.925926208496094,7.92888879776001,5051025
2010-06-08,7.920000076293945,8.0325927734375,7.851851940155029,8.017778396606445,4317300
2010-06-09,8.038518905639648,8.085926055908203,7.9555559158325195,7.9762959480285645,3821850
2010-06-10,8.029629707336426,8.112592697143555,7.9555559158325195,8.10962963104248,4313925
2010-06-11,8.04444408416748,8.198518753051758,8.038518905639648,8.198518753051758,2829938
2010-06-14,8.219259262084961,8.22518539428711,8.091852188110352,8.106666564941406,3540713
2010-06-15,8.154073715209961,8.31407356262207,8.10962963104248,8.299259185791016,2064825
2010-06-16,8.248888969421387,8.25777816772461,8.168889045715332,8.195555686950684,2932538
2010-06-17,8.228148460388184,8.239999771118164,8.165925979614258,8.195555686950684,2520788
2010-06-18,8.19259262084961,8.299259185791016,8.168889045715332,8.263704299926758,3224138
2010-06-21,8.317036628723145,8.33481502532959,8.133333206176758,8.151110649108887,2891025
2010-06-22,8.139259338378906,8.263704299926758,8.133333206176758,8.14222240447998,3651075
2010-06-23,8.136296272277832,8.154073715209961,8.056296348571777,8.074073791503906,2312550
2010-06-24,8.06222152709961,8.07703685760498,7.970369815826416,7.979259014129639,4052700
2010-06-25,7.9762959480285645,8.151110649108887,7.9762959480285645,8.133333206176758,5773275
2010-06-28,8.14222240447998,8.171852111816406,8.053333282470703,8.065184593200684,2424600
2010-06-29,7.997036933898926,8.0,7.828147888183594,7.851851940155029,5319675
2010-06-30,7.845925807952881,7.937777996063232,7.8222222328186035,7.840000152587891,4561313
2010-07-01,7.8222222328186035,7.842963218688965,7.650370121002197,7.777778148651123,4477950
2010-07-02,7.831110954284668,7.837037086486816,7.742221832275391,7.762962818145752,3187350
2010-07-06,7.8222222328186035,7.857778072357178,7.635556221008301,7.697778224945068,3294000
2010-07-07,7.6859259605407715,7.905185222625732,7.59407377243042,7.902222156524658,4163400
2010-07-08,7.970369815826416,7.97333288192749,7.881481170654297,7.958518981933594,2365875
2010-07-09,7.92888879776001,8.041481018066406,7.92888879776001,8.038518905639648,1645988
2010-07-12,8.0,8.038518905639648,7.940741062164307,7.970369815826416,1658138
2010-07-13,8.008889198303223,8.151110649108887,8.008889198303223,8.136296272277832,2211975
2010-07-14,8.085926055908203,8.085926055908203,7.970369815826416,8.017778396606445,3223800
2010-07-15,8.035555839538574,8.041481018066406,7.902222156524658,7.97333288192749,2021625
2010-07-16,7.943704128265381,7.946667194366455,7.748147964477539,7.760000228881836,2380388
2010-07-19,7.762962818145752,7.828147888183594,7.697778224945068,7.801480770111084,2188688
2010-07-20,7.7155561447143555,7.872592926025391,7.674074172973633,7.872592926025391,2227163
2010-07-21,7.884444236755371,7.89629602432251,7.7244439125061035,7.730370044708252,3245738
2010-07-22,7.771852016448975,7.851851940155029,7.739258766174316,7.837037086486816,3373650
2010-07-23,7.828147888183594,7.920000076293945,7.79555606842041,7.920000076293945,2842088
2010-07-26,7.9229631423950195,8.068147659301758,7.884444236755371,8.041481018066406,4368263
2010-07-27,8.103704452514648,8.162962913513184,8.0,8.029629707336426,10193850
2010-07-28,8.029629707336426,8.06222152709961,7.914073944091797,7.946667194366455,4899825
2010-07-29,7.97333288192749,8.0,7.89629602432251,7.9229631423950195,6287288
2010-07-30,7.819259166717529,8.151110649108887,7.819259166717529,8.002963066101074,8223525
2010-08-02,8.082962989807129,8.112592697143555,7.934814929962158,7.952592849731445,5373675
2010-08-03,7.952592849731445,7.982222080230713,7.905185222625732,7.914073944091797,4304475
2010-08-04,7.940741062164307,7.997036933898926,7.917037010192871,7.949629783630371,3052350
2010-08-05,7.937777996063232,7.970369815826416,7.914073944091797,7.925926208496094,3084075
2010-08-06,7.908147811889648,7.9674072265625,7.834074020385742,7.887406826019287,3501225
2010-08-09,7.937777996063232,7.982222080230713,7.9229631423950195,7.982222080230713,2084738
2010-08-10,7.937777996063232,7.988148212432861,7.905185222625732,7.9229631423950195,2537325
2010-08-11,7.819259166717529,7.899259090423584,7.792593002319336,7.831110954284668,4451963
2010-08-12,7.751111030578613,7.866666793823242,7.733333110809326,7.851851940155029,3579525
2010-08-13,7.837037086486816,7.878519058227539,7.798519134521484,7.828147888183594,3040875
2010-08-16,7.804443836212158,7.845925807952881,7.789629936218262,7.845925807952881,2156625
2010-08-17,7.884444236755371,7.8933329582214355,7.837037086486816,7.866666793823242,1451250
2010-08-18,7.845925807952881,7.8933329582214355,7.801480770111084,7.831110954284668,3341250
2010-08-19,7.807406902313232,7.866666793823242,7.792593002319336,7.831110954284668,3171488
2010-08-20,7.807406902313232,7.851851940155029,7.774815082550049,7.819259166717529,3554213
2010-08-23,7.837037086486816,7.872592926025391,7.798519134521484,7.807406902313232,2723963
2010-08-24,7.751111030578613,7.8222222328186035,7.7362961769104,7.757037162780762,2530238
2010-08-25,7.7244439125061035,7.842963218688965,7.71851921081543,7.816296100616455,3049650
2010-08-26,7.828147888183594,7.840000152587891,7.757037162780762,7.760000228881836,2672325
2010-08-27,7.79555606842041,7.834074020385742,7.774815082550049,7.819259166717529,3437438
2010-08-30,7.816296100616455,7.8222222328186035,7.745184898376465,7.745184898376465,2549475
2010-08-31,7.742221832275391,7.819259166717529,7.733333110809326,7.807406902313232,3455663
2010-09-01,7.872592926025391,7.89629602432251,7.79555606842041,7.813333034515381,6021000
2010-09-02,7.872592926025391,7.875555992126465,7.774815082550049,7.807406902313232,4027388
2010-09-03,7.863704204559326,7.899259090423584,7.816296100616455,7.8933329582214355,3922763
2010-09-07,7.866666793823242,7.902222156524658,7.777778148651123,7.789629936218262,2625413
2010-09-08,7.792593002319336,7.8251848220825195,7.760000228881836,7.813333034515381,2200500
2010-09-09,7.878519058227539,7.902222156524658,7.789629936218262,7.845925807952881,2102288
2010-09-10,7.848888874053955,7.860741138458252,7.807406902313232,7.819259166717529,2160675
2010-09-13,7.869629859924316,7.902222156524658,7.804443836212158,7.899259090423584,2276775
2010-09-14,7.899259090423584,8.005926132202148,7.884444236755371,8.002963066101074,2964263
2010-09-15,7.9762959480285645,8.06222152709961,7.952592849731445,8.059259414672852,3090825
2010-09-16,8.029629707336426,8.074073791503906,8.005926132202148,8.014815330505371,1893375
2010-09-17,8.0325927734375,8.136296272277832,8.023703575134277,8.100741386413574,5914350
2010-09-20,8.103704452514648,8.180741310119629,8.082962989807129,8.165925979614258,2914313
2010-09-21,8.157036781311035,8.195555686950684,8.112592697143555,8.121480941772461,1949063
2010-09-22,8.088889122009277,8.136296272277832,8.0,8.002963066101074,2159663
2010-09-23,7.949629783630371,8.011852264404297,7.920000076293945,7.920000076293945,2334825
2010-09-24,7.979259014129639,8.071110725402832,7.958518981933594,8.071110725402832,1743525
2010-09-27,8.059259414672852,8.07703685760498,7.937777996063232,7.952592849731445,1824525
2010-09-28,7.982222080230713,8.002963066101074,7.9229631423950195,7.961481094360352,3183300
2010-09-29,7.961481094360352,7.997036933898926,7.925926208496094,7.949629783630371,3653100
2010-09-30,7.991110801696777,8.04444408416748,7.9674072265625,8.02074146270752,4023000
2010-10-01,8.071110725402832,8.074073791503906,7.92888879776001,7.988148212432861,2832300
2010-10-04,7.970369815826416,8.0325927734375,7.931851863861084,7.961481094360352,2205900
2010-10-05,8.017778396606445,8.074073791503906,7.914073944091797,8.056296348571777,2115113
2010-10-06,8.074073791503906,8.112592697143555,7.9762959480285645,7.991110801696777,2367225
2010-10-07,7.997036933898926,8.026666641235352,7.934814929962158,7.97333288192749,2991938
2010-10-08,7.97333288192749,8.008889198303223,7.920000076293945,7.985185146331787,2172488
2010-10-11,8.002963066101074,8.074073791503906,7.994073867797852,8.050370216369629,1633838
2010-10-12,8.038518905639648,8.079999923706055,7.991110801696777,8.047407150268555,3108038
2010-10-13,8.06222152709961,8.171852111816406,8.041481018066406,8.133333206176758,2119500
2010-10-14,8.112592697143555,8.23703670501709,8.082962989807129,8.201480865478516,3012188
2010-10-15,8.248888969421387,8.272592544555664,8.198518753051758,8.231110572814941,3006450
2010-10-18,8.242962837219238,8.328888893127441,8.23703670501709,8.319999694824219,3109725
2010-10-19,8.239999771118164,8.31407356262207,8.180741310119629,8.23703670501709,4131338
2010-10-20,8.23703670501709,8.287406921386719,8.213333129882812,8.272592544555664,3180600
2010-10-21,8.305185317993164,8.331851959228516,8.201480865478516,8.20444393157959,2960888
2010-10-22,8.222222328186035,8.296296119689941,8.201480865478516,8.231110572814941,2165063
2010-10-25,8.287406921386719,8.361480712890625,8.284443855285645,8.322962760925293,3100950
2010-10-26,8.269630432128906,8.30222225189209,8.154073715209961,8.168889045715332,4043250
2010-10-27,8.136296272277832,8.180741310119629,8.103704452514648,8.162962913513184,2368238
2010-10-28,8.20444393157959,8.219259262084961,8.133333206176758,8.162962913513184,2563313
2010-10-29,8.15999984741211,8.201480865478516,8.14222240447998,8.154073715209961,2602125
2010-11-01,8.210370063781738,8.245925903320312,8.10962963104248,8.121480941772461,4253175
2010-11-02,8.14222240447998,8.183704376220703,8.121480941772461,8.15999984741211,3456675
2010-11-03,8.15999984741211,8.22518539428711,8.121480941772461,8.157036781311035,4178588
2010-11-04,8.219259262084961,8.482962608337402,8.195555686950684,8.459259033203125,3830625
2010-11-05,8.44148063659668,8.542222023010254,8.399999618530273,8.45629596710205,2489738
2010-11-08,8.420741081237793,8.450369834899902,8.287406921386719,8.340741157531738,1819125
2010-11-09,8.331851959228516,8.337778091430664,8.17481517791748,8.186667442321777,2660175
2010-11-10,8.19259262084961,8.260741233825684,8.186667442321777,8.242962837219238,3748613
2010-11-11,8.19259262084961,8.266667366027832,8.180741310119629,8.180741310119629,2474550
2010-11-12,8.14222240447998,8.168889045715332,8.103704452514648,8.106666564941406,3572775
2010-11-15,8.12740707397461,8.20444393157959,8.103704452514648,8.162962913513184,2129625
2010-11-16,8.121480941772461,8.151110649108887,8.0,8.026666641235352,4554225
2010-11-17,8.029629707336426,8.094815254211426,7.970369815826416,8.071110725402832,2617313
2010-11-18,8.130370140075684,8.195555686950684,8.106666564941406,8.15999984741211,1935900
2010-11-19,8.130370140075684,8.162962913513184,8.079999923706055,8.148147583007812,1466438
2010-11-22,8.106666564941406,8.165925979614258,8.07703685760498,8.118518829345703,4260263
2010-11-23,8.071110725402832,8.085926055908203,7.9762959480285645,7.985185146331787,4012200
2010-11-24,8.014815330505371,8.06222152709961,7.985185146331787,8.029629707336426,3897113
2010-11-26,7.970369815826416,8.050370216369629,7.970369815826416,8.005926132202148,1540013
2010-11-29,7.9674072265625,8.026666641235352,7.949629783630371,8.008889198303223,3450938
2010-11-30,7.937777996063232,7.982222080230713,7.890369892120361,7.908147811889648,4193438
2010-12-01,8.02074146270752,8.029629707336426,7.985185146331787,8.017778396606445,3981488
2010-12-02,7.994073867797852,8.029629707336426,7.920000076293945,8.014815330505371,3978450
2010-12-03,7.97333288192749,8.0,7.8933329582214355,7.9229631423950195,4061138
2010-12-06,7.914073944091797,7.970369815826416,7.884444236755371,7.958518981933594,2998688
2010-12-07,8.02074146270752,8.038518905639648,7.9555559158325195,7.961481094360352,3170813
2010-12-08,7.946667194366455,8.011852264404297,7.931851863861084,7.985185146331787,2942663
2010-12-09,8.02074146270752,8.02074146270752,7.869629859924316,7.9674072265625,4327088
2010-12-10,7.9674072265625,8.050370216369629,7.9555559158325195,8.050370216369629,2619338
2010-12-13,8.068147659301758,8.130370140075684,8.0325927734375,8.07703685760498,3428325
2010-12-14,8.082962989807129,8.130370140075684,8.06222152709961,8.068147659301758,2495475
2010-12-15,8.056296348571777,8.091852188110352,8.047407150268555,8.06222152709961,4473225
2010-12-16,8.059259414672852,8.139259338378906,8.011852264404297,8.121480941772461,2030063
2010-12-17,8.12740707397461,8.133333206176758,8.053333282470703,8.082962989807129,3647363
2010-12-20,8.088889122009277,8.112592697143555,8.047407150268555,8.091852188110352,2147513
2010-12-21,8.106666564941406,8.118518829345703,8.06222152709961,8.100741386413574,1768163
2010-12-22,8.100741386413574,8.189629554748535,8.085926055908203,8.139259338378906,1388138
2010-12-23,8.133333206176758,8.168889045715332,8.079999923706055,8.100741386413574,925088
2010-12-27,8.068147659301758,8.17481517791748,8.059259414672852,8.165925979614258,1033088
2010-12-28,8.165925979614258,8.186667442321777,8.100741386413574,8.15999984741211,1725638
2010-12-29,8.15999984741211,8.171852111816406,8.103704452514648,8.133333206176758,1444163
2010-12-30,8.133333206176758,8.168889045715332,8.103704452514648,8.103704452514648,1553850
2010-12-31,8.103704452514648,8.136296272277832,8.103704452514648,8.112592697143555,1248413
2011-01-03,8.17481517791748,8.213333129882812,8.130370140075684,8.201480865478516,2559938
2011-01-04,8.222222328186035,8.231110572814941,8.085926055908203,8.148147583007812,2087100
2011-01-05,8.121480941772461,8.168889045715332,8.059259414672852,8.112592697143555,2095875
2011-01-06,8.02074146270752,8.088889122009277,7.970369815826416,8.02074146270752,4080038
2011-01-07,8.008889198303223,8.029629707336426,7.860741138458252,7.970369815826416,5516100
2011-01-10,7.940741062164307,7.949629783630371,7.857778072357178,7.914073944091797,3056738
2011-01-11,7.937777996063232,8.0,7.914073944091797,7.9674072265625,2309175
2011-01-12,8.0,8.017778396606445,7.961481094360352,8.011852264404297,2212313
2011-01-13,8.0,8.017778396606445,7.9555559158325195,8.014815330505371,1972350
2011-01-14,7.988148212432861,8.115555763244629,7.988148212432861,8.115555763244629,2673338
2011-01-18,8.082962989807129,8.231110572814941,8.068147659301758,8.231110572814941,4091175
2011-01-19,8.213333129882812,8.239999771118164,8.162962913513184,8.19259262084961,3490088
2011-01-20,8.151110649108887,8.245925903320312,8.130370140075684,8.180741310119629,2151563
2011-01-21,8.22518539428711,8.22518539428711,8.115555763244629,8.207406997680664,1490063
2011-01-24,8.213333129882812,8.30222225189209,8.195555686950684,8.287406921386719,1933875
2011-01-25,8.28148078918457,8.518519401550293,8.28148078918457,8.503704071044922,8836425
2011-01-26,8.542222023010254,8.542222023010254,8.388148307800293,8.468148231506348,5092875
2011-01-27,8.465185165405273,8.527406692504883,8.414814949035645,8.521480560302734,1992263
2011-01-28,8.524443626403809,8.577777862548828,8.3644437789917,8.367406845092773,4518113
2011-01-31,8.382222175598145,8.438518524169922,8.358518600463867,8.370369911193848,2387138
2011-02-01,8.417778015136719,8.533332824707031,8.417778015136719,8.512593269348145,2770875
2011-02-02,8.497777938842773,8.565925598144531,8.465185165405273,8.515556335449219,1758375
2011-02-03,8.479999542236328,8.568888664245605,8.394074440002441,8.545185089111328,5711175
2011-02-04,8.5600004196167,8.601481437683105,8.533332824707031,8.58666706085205,3729375
2011-02-07,8.601481437683105,8.610369682312012,8.565925598144531,8.5925931930542,2620013
2011-02-08,8.61629581451416,8.654814720153809,8.57185173034668,8.628148078918457,1848488
2011-02-09,8.577777862548828,8.651851654052734,8.562962532043457,8.601481437683105,2064150
2011-02-10,8.562962532043457,8.628148078918457,8.562962532043457,8.61629581451416,1666575
2011-02-11,8.5925931930542,8.642963409423828,8.565925598144531,8.628148078918457,1997325
2011-02-14,8.607406616210938,8.631111145019531,8.548148155212402,8.568888664245605,1645313
2011-02-15,8.545185089111328,8.634074211120605,8.533332824707031,8.604443550109863,1823513
2011-02-16,8.645926475524902,8.882963180541992,8.61629581451416,8.737777709960938,3741188
2011-02-17,8.699258804321289,8.84148120880127,8.696295738220215,8.820740699768066,1315238
2011-02-18,8.862221717834473,9.019259452819824,8.788147926330566,8.998518943786621,2329425
2011-02-22,8.900740623474121,9.042963027954102,8.882963180541992,8.912592887878418,4078013
2011-02-23,8.918519020080566,8.945184707641602,8.820740699768066,8.82370376586914,2779650
2011-02-24,8.802963256835938,8.829629898071289,8.672593116760254,8.717037200927734,2431350
2011-02-25,8.758519172668457,8.868147850036621,8.720000267028809,8.868147850036621,1843425
2011-02-28,8.880000114440918,8.912592887878418,8.817777633666992,8.87407398223877,1866038
2011-03-01,8.945184707641602,8.97185230255127,8.770369529724121,8.794074058532715,2832638
2011-03-02,8.79111099243164,8.81185245513916,8.728889465332031,8.737777709960938,1192388
2011-03-03,8.79111099243164,8.885926246643066,8.785184860229492,8.871110916137695,1389825
2011-03-04,8.859258651733398,8.868147850036621,8.702221870422363,8.761481285095215,2146838
2011-03-07,8.808889389038086,8.829629898071289,8.690369606018066,8.71407413482666,1901475
2011-03-08,8.720000267028809,8.897777557373047,8.720000267028809,8.84148120880127,2025000
2011-03-09,8.835556030273438,9.004444122314453,8.835556030273438,8.97185230255127,2698988
2011-03-10,8.894815444946289,8.903703689575195,8.808889389038086,8.832592964172363,1482638
2011-03-11,8.785184860229492,8.989629745483398,8.74666690826416,8.965926170349121,3465113
2011-03-14,8.903703689575195,9.045926094055176,8.877037048339844,8.962963104248047,5343638
2011-03-15,8.758519172668457,8.90666675567627,8.717037200927734,8.853333473205566,3607538
2011-03-16,8.844444274902344,9.013333320617676,8.805926322937012,8.871110916137695,6603188
2011-03-17,8.960000038146973,8.97185230255127,8.832592964172363,8.891852378845215,2515050
2011-03-18,8.968889236450195,9.034073829650879,8.71407413482666,8.927407264709473,3665250
2011-03-21,8.986666679382324,9.117036819458008,8.986666679382324,9.031110763549805,1814738
2011-03-22,9.022221565246582,9.119999885559082,8.98370361328125,9.019259452819824,1536300
2011-03-23,8.992592811584473,8.995555877685547,8.903703689575195,8.968889236450195,2075963
2011-03-24,8.989629745483398,9.01629638671875,8.912592887878418,9.01629638671875,1244025
2011-03-25,9.022221565246582,9.131852149963379,8.965926170349121,9.084444046020508,1284863
2011-03-28,9.105184555053711,9.20888900756836,9.075555801391602,9.170370101928711,1960538
2011-03-29,9.268148422241211,9.31851863861084,9.170370101928711,9.28592586517334,2569388
2011-03-30,9.33036994934082,9.46074104309082,9.303704261779785,9.451851844787598,2156625
2011-03-31,9.437037467956543,9.6029634475708,9.425185203552246,9.54370403289795,3984188
2011-04-01,9.608888626098633,9.745184898376465,9.570369720458984,9.74222183227539,3801938
2011-04-04,9.74222183227539,9.79555606842041,9.650369644165039,9.659258842468262,7116525
2011-04-05,9.659258842468262,9.68592643737793,9.534814834594727,9.534814834594727,3519450
2011-04-06,9.437037467956543,9.514074325561523,9.4074068069458,9.451851844787598,7095938
2011-04-07,9.463704109191895,9.481480598449707,9.422222137451172,9.454814910888672,3408413
2011-04-08,9.475556373596191,9.478519439697266,9.392593383789062,9.422222137451172,1632488
2011-04-11,9.41333293914795,9.472593307495117,9.398518562316895,9.4399995803833,2320650
2011-04-12,9.389630317687988,9.422222137451172,9.368888854980469,9.398518562316895,2413463
2011-04-13,9.419259071350098,9.475556373596191,9.38370418548584,9.434074401855469,2634188
2011-04-14,9.416296005249023,9.463704109191895,9.38370418548584,9.398518562316895,1999013
2011-04-15,9.404443740844727,9.4399995803833,9.345185279846191,9.38370418548584,1963238
2011-04-18,9.277036666870117,9.327406883239746,9.214815139770508,9.309630393981934,2764125
2011-04-19,9.31851863861084,9.35111141204834,9.214815139770508,9.256296157836914,1996313
2011-04-20,9.33036994934082,9.36296272277832,9.277036666870117,9.297778129577637,1690538
2011-04-21,9.339259147644043,9.4399995803833,9.333333015441895,9.410369873046875,3562988
2011-04-25,9.386667251586914,9.478519439697266,9.368888854980469,9.472593307495117,2694938
2011-04-26,9.472593307495117,9.564443588256836,9.324443817138672,9.419259071350098,3375000
2011-04-27,9.451851844787598,9.576295852661133,9.419259071350098,9.478519439697266,3271388
2011-04-28,9.481480598449707,9.623703956604004,9.469630241394043,9.585185050964355,3253500
2011-04-29,9.555556297302246,9.691851615905762,9.528888702392578,9.662221908569336,2183625
2011-05-02,9.68592643737793,9.69777774810791,9.517037391662598,9.546667098999023,2110725
2011-05-03,9.51111125946045,9.608888626098633,9.451851844787598,9.6029634475708,1906200
2011-05-04,9.600000381469727,9.600000381469727,9.475556373596191,9.496295928955078,2226825
2011-05-05,9.475556373596191,9.534814834594727,9.442962646484375,9.442962646484375,2214000
2011-05-06,9.525925636291504,9.594074249267578,9.472593307495117,9.496295928955078,1335150
2011-05-09,9.49036979675293,9.582221984863281,9.416296005249023,9.549630165100098,2148525
2011-05-10,9.531851768493652,9.626667022705078,9.514074325561523,9.591111183166504,1839375
2011-05-11,9.573332786560059,9.611851692199707,9.466667175292969,9.534814834594727,1684800
2011-05-12,9.5051851272583,9.709630012512207,9.457777976989746,9.703703880310059,1809000
2011-05-13,9.688888549804688,9.703703880310059,9.508148193359375,9.555556297302246,2085075
2011-05-16,9.508148193359375,9.659258842468262,9.478519439697266,9.644444465637207,1971000
2011-05-17,9.614814758300781,9.617777824401855,9.534814834594727,9.591111183166504,1945688
2011-05-18,9.623703956604004,9.786666870117188,9.597037315368652,9.783703804016113,2070900
2011-05-19,9.792593002319336,9.828147888183594,9.736295700073242,9.768889427185059,2275763
2011-05-20,9.76296329498291,9.837037086486816,9.721481323242188,9.783703804016113,2383763
2011-05-23,9.694814682006836,9.694814682006836,9.617777824401855,9.656295776367188,3295013
2011-05-24,9.650369644165039,9.653332710266113,9.54370403289795,9.546667098999023,2356088
2011-05-25,9.531851768493652,9.549630165100098,9.448888778686523,9.520000457763672,3241350
2011-05-26,9.496295928955078,9.629630088806152,9.454814910888672,9.608888626098633,2465438
2011-05-27,9.641481399536133,9.727407455444336,9.614814758300781,9.71851921081543,1823513
2011-05-31,9.786666870117188,9.816295623779297,9.715556144714355,9.810370445251465,4304475
2011-06-01,9.79555606842041,9.848889350891113,9.632593154907227,9.6355562210083,2924775
2011-06-02,9.659258842468262,9.712593078613281,9.617777824401855,9.706666946411133,2254163
2011-06-03,9.608888626098633,9.783703804016113,9.573332786560059,9.680000305175781,2594363
2011-06-06,9.650369644165039,9.688888549804688,9.58814811706543,9.659258842468262,1930500
2011-06-07,9.709630012512207,9.757037162780762,9.644444465637207,9.653332710266113,2880225
2011-06-08,9.650369644165039,9.668148040771484,9.555556297302246,9.573332786560059,2386463
2011-06-09,9.579258918762207,9.641481399536133,9.5051851272583,9.585185050964355,2176200
2011-06-10,9.514074325561523,9.528888702392578,9.451851844787598,9.469630241394043,3566025
2011-06-13,9.481480598449707,9.520000457763672,9.42814826965332,9.493332862854004,2496488
2011-06-14,9.55851936340332,9.638519287109375,9.493332862854004,9.570369720458984,1623713
2011-06-15,9.49036979675293,9.5377779006958,9.451851844787598,9.466667175292969,2814075
2011-06-16,9.466667175292969,9.552593231201172,9.44592571258545,9.546667098999023,2077650
2011-06-17,9.585185050964355,9.617777824401855,9.493332862854004,9.502222061157227,2564663
2011-06-20,9.502222061157227,9.62074089050293,9.484443664550781,9.525925636291504,1903838
2011-06-21,9.561481475830078,9.597037315368652,9.469630241394043,9.525925636291504,3234600
2011-06-22,9.469630241394043,9.5377779006958,9.442962646484375,9.442962646484375,2268000
2011-06-23,9.357036590576172,9.359999656677246,9.185185432434082,9.312593460083008,3750300
2011-06-24,9.312593460083008,9.348148345947266,9.279999732971191,9.33036994934082,3300413
2011-06-27,9.333333015441895,9.481480598449707,9.31851863861084,9.442962646484375,2478600
2011-06-28,9.478519439697266,9.508148193359375,9.422222137451172,9.496295928955078,1882238
2011-06-29,9.54370403289795,9.600000381469727,9.502222061157227,9.582221984863281,2443838
2011-06-30,9.614814758300781,9.671111106872559,9.552593231201172,9.611851692199707,1963238
2011-07-01,9.641481399536133,9.745184898376465,9.62074089050293,9.703703880310059,2327063
2011-07-05,9.715556144714355,9.757037162780762,9.582221984863281,9.608888626098633,2833988
2011-07-06,9.594074249267578,9.736295700073242,9.570369720458984,9.656295776367188,2972700
2011-07-07,9.736295700073242,9.77481460571289,9.641481399536133,9.760000228881836,2622375
2011-07-08,9.680000305175781,9.77481460571289,9.659258842468262,9.745184898376465,2677050
2011-07-11,9.662221908569336,9.680000305175781,9.52296257019043,9.531851768493652,3292650
2011-07-12,9.514074325561523,9.653332710266113,9.5051851272583,9.555556297302246,2869763
2011-07-13,9.597037315368652,9.647406578063965,9.508148193359375,9.520000457763672,1252800
2011-07-14,9.540740966796875,9.540740966796875,9.348148345947266,9.36296272277832,2503913
2011-07-15,9.389630317687988,9.4074068069458,9.297778129577637,9.339259147644043,1835663
2011-07-18,9.297778129577637,9.297778129577637,9.191110610961914,9.250370025634766,2164050
2011-07-19,9.268148422241211,9.348148345947266,9.238518714904785,9.339259147644043,1816088
2011-07-20,9.354073524475098,9.434074401855469,9.312593460083008,9.380741119384766,2393550
2011-07-21,9.422222137451172,9.62074089050293,9.410369873046875,9.611851692199707,2998688
2011-07-22,9.611851692199707,9.6355562210083,9.528888702392578,9.629630088806152,2066513
2011-07-25,9.576295852661133,9.644444465637207,9.463704109191895,9.466667175292969,2768513
2011-07-26,9.55851936340332,9.854814529418945,9.549630165100098,9.68592643737793,6271425
2011-07-27,9.638519287109375,9.682963371276855,9.416296005249023,9.422222137451172,4581563
2011-07-28,9.42814826965332,9.454814910888672,9.232592582702637,9.232592582702637,5147550
2011-07-29,9.167407035827637,9.214815139770508,9.081480979919434,9.122962951660156,5961938
2011-08-01,9.241480827331543,9.247406959533691,9.069629669189453,9.114073753356934,3709800
2011-08-02,9.060741424560547,9.131852149963379,8.962963104248047,8.962963104248047,3038513
2011-08-03,8.980740547180176,9.034073829650879,8.912592887878418,9.025184631347656,3925125
2011-08-04,8.936296463012695,9.04888916015625,8.84148120880127,8.844444274902344,6204938
2011-08-05,8.918519020080566,8.933333396911621,8.687406539916992,8.743703842163086,5992313
2011-08-08,8.580740928649902,8.580740928649902,8.177778244018555,8.177778244018555,7301138
2011-08-09,8.319999694824219,8.622221946716309,8.07703685760498,8.619258880615234,7897500
2011-08-10,8.465185165405273,8.53925895690918,8.242962837219238,8.251852035522461,7359525
2011-08-11,8.284443855285645,8.782221794128418,8.278518676757812,8.66963005065918,5321700
2011-08-12,8.731851577758789,8.755556106567383,8.542222023010254,8.607406616210938,3618675
2011-08-15,8.68148136138916,8.82370376586914,8.678519248962402,8.82370376586914,2520113
2011-08-16,8.743703842163086,8.817777633666992,8.68148136138916,8.758519172668457,2560275
2011-08-17,8.800000190734863,8.820740699768066,8.71407413482666,8.77629566192627,1705050
2011-08-18,8.557037353515625,8.71407413482666,8.521480560302734,8.66963005065918,5857650
2011-08-19,8.5600004196167,8.752593040466309,8.533332824707031,8.536295890808105,4907588
2011-08-22,8.717037200927734,8.717037200927734,8.53925895690918,8.55407428741455,2443838
2011-08-23,8.595556259155273,8.722963333129883,8.524443626403809,8.708148002624512,3835688
2011-08-24,8.690369606018066,8.856295585632324,8.660740852355957,8.847407341003418,1624388
2011-08-25,8.912592887878418,8.95111083984375,8.557037353515625,8.717037200927734,3733088
2011-08-26,8.645926475524902,8.862221717834473,8.583703994750977,8.820740699768066,3643650
2011-08-29,8.927407264709473,9.105184555053711,8.927407264709473,9.102222442626953,3143475
2011-08-30,9.063703536987305,9.182222366333008,9.004444122314453,9.128889083862305,2447550
2011-08-31,9.182222366333008,9.229630470275879,9.034073829650879,9.152592658996582,3031088
2011-09-01,9.182222366333008,9.244443893432617,9.025184631347656,9.034073829650879,2763788
2011-09-02,8.891852378845215,9.02814769744873,8.877037048339844,8.882963180541992,2712488
2011-09-06,8.675556182861328,8.865184783935547,8.651851654052734,8.755556106567383,3438450
2011-09-07,8.853333473205566,9.054815292358398,8.829629898071289,9.045926094055176,2017238
2011-09-08,8.927407264709473,9.037036895751953,8.882963180541992,8.900740623474121,2997675
2011-09-09,8.826666831970215,8.850370407104492,8.660740852355957,8.69333267211914,3110738
2011-09-12,8.583703994750977,8.79111099243164,8.583703994750977,8.79111099243164,2132325
2011-09-13,8.826666831970215,8.871110916137695,8.749629974365234,8.84148120880127,2052338
2011-09-14,8.853333473205566,8.903703689575195,8.71407413482666,8.847407341003418,2211975
2011-09-15,8.909629821777344,8.939258575439453,8.752593040466309,8.891852378845215,1953450
2011-09-16,8.903703689575195,8.90666675567627,8.779258728027344,8.847407341003418,4102650
2011-09-19,8.699258804321289,8.74666690826416,8.622221946716309,8.68148136138916,2254500
2011-09-20,8.725926399230957,8.838519096374512,8.61629581451416,8.619258880615234,3249788
2011-09-21,8.61629581451416,8.628148078918457,8.343704223632812,8.346667289733887,3722963
2011-09-22,8.154073715209961,8.349630355834961,8.145185470581055,8.319999694824219,6004125
2011-09-23,8.290369987487793,8.420741081237793,8.222222328186035,8.414814949035645,2739825
2011-09-26,8.485925674438477,8.770369529724121,8.41185188293457,8.752593040466309,4194113
2011-09-27,8.882963180541992,8.903703689575195,8.68148136138916,8.725926399230957,3031088
2011-09-28,8.734814643859863,8.829629898071289,8.515556335449219,8.521480560302734,2110388
2011-09-29,8.68148136138916,8.764444351196289,8.5600004196167,8.764444351196289,1983825
2011-09-30,8.654814720153809,8.95111083984375,8.642963409423828,8.797037124633789,3886988
2011-10-03,8.740740776062012,8.877037048339844,8.459259033203125,8.48888874053955,3889013
2011-10-04,8.408888816833496,8.767407417297363,8.317036628723145,8.74666690826416,4050000
2011-10-05,8.728889465332031,8.865184783935547,8.601481437683105,8.838519096374512,1743863
2011-10-06,8.81185245513916,8.954073905944824,8.731851577758789,8.933333396911621,1443488
2011-10-07,8.960000038146973,8.960000038146973,8.589630126953125,8.589630126953125,4417200
2011-10-10,8.722963333129883,8.794074058532715,8.63703727722168,8.794074058532715,3578513
2011-10-11,8.720000267028809,8.755556106567383,8.48888874053955,8.503704071044922,5199188
2011-10-12,8.574814796447754,8.699258804321289,8.491851806640625,8.64888858795166,6917063
2011-10-13,8.613332748413086,8.880000114440918,8.58666706085205,8.814814567565918,5382450
2011-10-14,8.915555953979492,8.989629745483398,8.779258728027344,8.962963104248047,3328088
2011-10-17,8.903703689575195,8.962963104248047,8.728889465332031,8.749629974365234,2091150
2011-10-18,8.77629566192627,9.039999961853027,8.717037200927734,9.004444122314453,2423250
2011-10-19,8.960000038146973,9.33036994934082,8.912592887878418,9.205925941467285,3953138
2011-10-20,9.179259300231934,9.401480674743652,9.131852149963379,9.398518562316895,3613275
2011-10-21,9.472593307495117,9.757037162780762,9.466667175292969,9.754074096679688,5843813
2011-10-24,9.745184898376465,9.982221603393555,9.71851921081543,9.952592849731445,3799575
2011-10-25,9.878519058227539,9.9674072265625,9.79555606842041,9.816295623779297,4340250
2011-10-26,9.931852340698242,10.041481018066406,9.85777759552002,10.011852264404297,5062838
2011-10-27,10.438518524169922,10.68148136138916,10.23703670501709,10.405925750732422,4853925
2011-10-28,10.429630279541016,10.465185165405273,10.370369911193848,10.408888816833496,3148200
2011-10-31,10.278518676757812,10.450369834899902,10.239999771118164,10.31407356262207,2351363
2011-11-01,10.118518829345703,10.263704299926758,9.982221603393555,9.994073867797852,4307513
2011-11-02,10.162962913513184,10.248888969421387,10.088889122009277,10.222222328186035,3177225
2011-11-03,10.311111450195312,10.3970365524292,10.210370063781738,10.385185241699219,2018925
2011-11-04,10.331851959228516,10.3970365524292,10.210370063781738,10.361480712890625,2378363
2011-11-07,10.37925910949707,10.41185188293457,10.231110572814941,10.3644437789917,2792475
2011-11-08,10.438518524169922,10.583703994750977,10.399999618530273,10.57185173034668,3124575
2011-11-09,10.385185241699219,10.491851806640625,10.245925903320312,10.263704299926758,3447900
2011-11-10,10.3644437789917,10.408888816833496,10.234073638916016,10.30222225189209,2115113
2011-11-11,10.402962684631348,10.562962532043457,10.399999618530273,10.503704071044922,1360125
2011-11-14,10.438518524169922,10.485925674438477,10.340741157531738,10.355555534362793,3099263
2011-11-15,10.33481502532959,10.423704147338867,10.266667366027832,10.391111373901367,2145825
2011-11-16,10.275555610656738,10.325925827026367,10.12740707397461,10.136296272277832,2665575
2011-11-17,10.118518829345703,10.124444007873535,9.95555591583252,9.988147735595703,4483013
2011-11-18,10.04444408416748,10.059259414672852,9.958518981933594,10.008889198303223,3211313
2011-11-21,9.89037036895752,9.920000076293945,9.816295623779297,9.831110954284668,2957850
2011-11-22,9.80740737915039,9.925926208496094,9.798519134521484,9.860740661621094,1997325
2011-11-23,9.777777671813965,9.783703804016113,9.579258918762207,9.582221984863281,3192413
2011-11-25,9.579258918762207,9.822221755981445,9.576295852661133,9.792593002319336,2245050
2011-11-28,10.02074146270752,10.029629707336426,9.721481323242188,9.79555606842041,3271388
2011-11-29,9.79555606842041,9.819258689880371,9.703703880310059,9.721481323242188,2255850
2011-11-30,9.949629783630371,10.112592697143555,9.87259292602539,10.106666564941406,3754350
2011-12-01,10.06222152709961,10.06222152709961,9.837037086486816,9.845926284790039,2750625
2011-12-02,9.869629859924316,9.976296424865723,9.789629936218262,9.828147888183594,3164400
2011-12-05,9.95555591583252,9.997036933898926,9.768889427185059,9.84000015258789,3912975
2011-12-06,9.863703727722168,9.952592849731445,9.831110954284668,9.875555992126465,4589663
2011-12-07,9.84000015258789,9.925926208496094,9.760000228881836,9.9022216796875,3151238
2011-12-08,9.854814529418945,9.881481170654297,9.771851539611816,9.792593002319336,3474563
2011-12-09,9.831110954284668,9.940740585327148,9.810370445251465,9.914073944091797,2647688
2011-12-12,9.82518482208252,9.831110954284668,9.71851921081543,9.771851539611816,2670300
2011-12-13,9.82518482208252,9.831110954284668,9.66518497467041,9.703703880310059,2437088
2011-12-14,9.662221908569336,9.822221755981445,9.647406578063965,9.768889427185059,2313900
2011-12-15,9.863703727722168,9.866666793823242,9.783703804016113,9.804444313049316,1847813
2011-12-16,9.82518482208252,9.928889274597168,9.765926361083984,9.816295623779297,3332475
2011-12-19,9.819258689880371,9.9022216796875,9.768889427185059,9.777777671813965,2365875
2011-12-20,9.87259292602539,10.0325927734375,9.863703727722168,9.95555591583252,2613263
2011-12-21,9.961481094360352,10.100741386413574,9.925926208496094,10.026666641235352,1874475
2011-12-22,10.065184593200684,10.139259338378906,10.029629707336426,10.071110725402832,1628100
2011-12-23,10.10962963104248,10.130370140075684,10.068147659301758,10.106666564941406,996975
2011-12-27,10.106666564941406,10.325925827026367,10.106666564941406,10.260741233825684,2652075
2011-12-28,10.25777816772461,10.284443855285645,10.124444007873535,10.130370140075684,1188675
2011-12-29,10.15999984741211,10.242962837219238,10.15999984741211,10.231110572814941,1356075
2011-12-30,10.210370063781738,10.242962837219238,10.177778244018555,10.189629554748535,2471513
2012-01-03,10.331851959228516,10.337778091430664,10.118518829345703,10.14222240447998,1737113
2012-01-04,10.085926055908203,10.124444007873535,10.0,10.029629707336426,1388813
2012-01-05,9.991110801696777,10.171852111816406,9.878519058227539,10.165925979614258,1456988
2012-01-06,10.165925979614258,10.343704223632812,10.121480941772461,10.213333129882812,1852875
2012-01-09,10.213333129882812,10.308148384094238,10.201480865478516,10.290369987487793,1301400
2012-01-10,10.358518600463867,10.388148307800293,10.30222225189209,10.367406845092773,1084388
2012-01-11,10.31407356262207,10.361480712890625,10.278518676757812,10.349630355834961,1160663
2012-01-12,10.373332977294922,10.405925750732422,10.308148384094238,10.337778091430664,1133325
2012-01-13,10.25777816772461,10.266667366027832,10.100741386413574,10.151110649108887,1527525
2012-01-17,10.17481517791748,10.245925903320312,10.121480941772461,10.162962913513184,1580513
2012-01-18,10.15999984741211,10.284443855285645,10.130370140075684,10.28148078918457,1420200
2012-01-19,10.296296119689941,10.319999694824219,10.19259262084961,10.308148384094238,1761075
2012-01-20,10.284443855285645,10.370369911193848,10.275555610656738,10.340741157531738,1624725
2012-01-23,10.340741157531738,10.426667213439941,10.299259185791016,10.423704147338867,2043563
2012-01-24,10.272592544555664,10.319999694824219,10.17481517791748,10.195555686950684,2611575
2012-01-25,10.180741310119629,10.402962684631348,10.145185470581055,10.33481502532959,2373975
2012-01-26,10.382222175598145,10.408888816833496,10.33481502532959,10.394074440002441,1183275
2012-01-27,10.340741157531738,10.370369911193848,10.148147583007812,10.177778244018555,2535638
2012-01-30,10.121480941772461,10.293333053588867,10.008889198303223,10.23703670501709,4226850
2012-01-31,10.293333053588867,10.340741157531738,10.106666564941406,10.154073715209961,7532663
2012-02-01,10.239999771118164,10.782221794128418,10.183704376220703,10.717037200927734,4977788
2012-02-02,10.740740776062012,10.767407417297363,10.628148078918457,10.684444427490234,2426963
2012-02-03,10.758519172668457,10.814814567565918,10.675556182861328,10.770369529724121,2086763
2012-02-06,10.755556106567383,10.805926322937012,10.63703727722168,10.678519248962402,1140075
2012-02-07,10.64888858795166,10.785184860229492,10.640000343322754,10.731851577758789,1186313
2012-02-08,10.731851577758789,10.737777709960938,10.640000343322754,10.654814720153809,2411775
2012-02-09,10.651851654052734,10.773332595825195,10.645926475524902,10.731851577758789,1724288
2012-02-10,10.634074211120605,10.761481285095215,10.595556259155273,10.728889465332031,1678388
2012-02-13,10.814814567565918,10.880000114440918,10.752593040466309,10.829629898071289,1561613
2012-02-14,10.779258728027344,10.868147850036621,10.666666984558105,10.71407413482666,1703025
2012-02-15,10.764444351196289,10.84148120880127,10.690369606018066,10.722963333129883,1823175
2012-02-16,10.728889465332031,10.900740623474121,10.728889465332031,10.817777633666992,2098238
2012-02-17,10.814814567565918,10.853333473205566,10.717037200927734,10.800000190734863,1685475
2012-02-21,10.802963256835938,10.814814567565918,10.728889465332031,10.81185245513916,1014188
2012-02-22,10.5600004196167,10.79111099243164,10.5600004196167,10.657777786254883,1545413
2012-02-23,10.642963409423828,10.761481285095215,10.607406616210938,10.761481285095215,1216688
2012-02-24,10.779258728027344,10.797037124633789,10.722963333129883,10.740740776062012,1024988
2012-02-27,10.657777786254883,10.737777709960938,10.580740928649902,10.663703918457031,1049288
2012-02-28,10.654814720153809,10.66963005065918,10.577777862548828,10.625185012817383,1153238
2012-02-29,10.640000343322754,10.687406539916992,10.580740928649902,10.5925931930542,2506950
2012-03-01,10.595556259155273,10.71407413482666,10.548148155212402,10.61629581451416,1794150
2012-03-02,10.598519325256348,10.598519325256348,10.405925750732422,10.482962608337402,1731375
2012-03-05,10.471111297607422,10.565925598144531,10.391111373901367,10.55407428741455,1214325
2012-03-06,10.4622220993042,10.48888874053955,10.308148384094238,10.308148384094238,2375325
2012-03-07,10.322962760925293,10.3644437789917,10.23703670501709,10.346667289733887,1816088
2012-03-08,10.391111373901367,10.43259334564209,10.263704299926758,10.423704147338867,1336500
2012-03-09,10.447406768798828,10.521480560302734,10.417778015136719,10.515556335449219,1053338
2012-03-12,10.533332824707031,10.5925931930542,10.521480560302734,10.527406692504883,817763
2012-03-13,10.58666706085205,10.752593040466309,10.545185089111328,10.749629974365234,1799213
2012-03-14,10.764444351196289,10.764444351196289,10.598519325256348,10.625185012817383,2293313
2012-03-15,10.625185012817383,10.660740852355957,10.545185089111328,10.622221946716309,1473525
2012-03-16,10.631111145019531,10.678519248962402,10.4948148727417,10.497777938842773,2081363
2012-03-19,10.903703689575195,10.903703689575195,10.595556259155273,10.622221946716309,2734425
2012-03-20,10.601481437683105,10.749629974365234,10.583703994750977,10.71407413482666,2019263
2012-03-21,10.722963333129883,10.743703842163086,10.568888664245605,10.583703994750977,1746225
2012-03-22,10.55407428741455,10.604443550109863,10.382222175598145,10.447406768798828,2473875
2012-03-23,10.459259033203125,10.530369758605957,10.402962684631348,10.530369758605957,1299038
2012-03-26,10.625185012817383,10.68148136138916,10.601481437683105,10.68148136138916,1162688
2012-03-27,10.696295738220215,10.740740776062012,10.666666984558105,10.717037200927734,1850850
2012-03-28,10.740740776062012,10.820740699768066,10.728889465332031,10.782221794128418,1542713
2012-03-29,10.734814643859863,10.788147926330566,10.687406539916992,10.764444351196289,1521450
2012-03-30,10.829629898071289,10.844444274902344,10.699258804321289,10.702221870422363,1715513
2012-04-02,10.722963333129883,10.853333473205566,10.722963333129883,10.767407417297363,2311875
2012-04-03,10.785184860229492,10.894815444946289,10.767407417297363,10.891852378845215,1944000
2012-04-04,10.826666831970215,10.948147773742676,10.785184860229492,10.885926246643066,1902488
2012-04-05,10.829629898071289,10.844444274902344,10.755556106567383,10.785184860229492,2087100
2012-04-09,10.702221870422363,10.740740776062012,10.631111145019531,10.731851577758789,1801913
2012-04-10,10.731851577758789,10.749629974365234,10.631111145019531,10.660740852355957,3419213
2012-04-11,10.731851577758789,10.81185245513916,10.687406539916992,10.797037124633789,2359800
2012-04-12,10.82370376586914,10.957036972045898,10.755556106567383,10.954073905944824,2392538
2012-04-13,10.942221641540527,10.962963104248047,10.829629898071289,10.829629898071289,2538675
2012-04-16,10.862221717834473,10.974815368652344,10.850370407104492,10.936296463012695,2066513
2012-04-17,10.814814567565918,11.105184555053711,10.814814567565918,11.075555801391602,3209288
2012-04-18,11.060741424560547,11.072592735290527,10.968889236450195,10.986666679382324,2047613
2012-04-19,11.004444122314453,11.315555572509766,11.004444122314453,11.205925941467285,3788438
2012-04-20,11.217778205871582,11.259259223937988,11.167407035827637,11.229630470275879,2083050
2012-04-23,11.12592601776123,11.17629623413086,11.01629638671875,11.131852149963379,2526188
2012-04-24,11.164443969726562,11.277036666870117,11.075555801391602,11.078518867492676,4216388
2012-04-25,11.075555801391602,11.167407035827637,11.025184631347656,11.122962951660156,3610575
2012-04-26,11.11111068725586,11.205925941467285,11.02814769744873,11.182222366333008,3645675
2012-04-27,11.247406959533691,11.247406959533691,11.060741424560547,11.167407035827637,3222450
2012-04-30,11.170370101928711,11.182222366333008,11.119999885559082,11.15851879119873,1880888
2012-05-01,11.197036743164062,11.33036994934082,11.17629623413086,11.30666732788086,1982813
2012-05-02,11.247406959533691,11.357036590576172,11.214815139770508,11.348148345947266,2096213
2012-05-03,11.380741119384766,11.425185203552246,11.380741119384766,11.422222137451172,3488063
2012-05-04,11.368888854980469,11.425185203552246,11.30666732788086,11.395556449890137,2474550
2012-05-07,11.392593383789062,11.457777976989746,11.365925788879395,11.44592571258545,2133338
2012-05-08,11.401480674743652,11.549630165100098,11.348148345947266,11.546667098999023,2421900
2012-05-09,11.478519439697266,11.528888702392578,11.437037467956543,11.437037467956543,2651063
2012-05-10,11.534814834594727,11.594074249267578,11.472593307495117,11.555556297302246,2014538
2012-05-11,11.481480598449707,11.641481399536133,11.442962646484375,11.555556297302246,1975725
2012-05-14,11.451851844787598,11.54370403289795,11.42814826965332,11.481480598449707,1858950
2012-05-15,11.496295928955078,11.611851692199707,11.496295928955078,11.561481475830078,2004413
2012-05-16,11.608888626098633,11.608888626098633,11.51111125946045,11.52296257019043,2160675
2012-05-17,11.5051851272583,11.54370403289795,11.365925788879395,11.365925788879395,2476238
2012-05-18,11.398518562316895,11.398518562316895,11.194073677062988,11.20888900756836,1763775
2012-05-21,11.20888900756836,11.35111141204834,11.179259300231934,11.324443817138672,1489725
2012-05-22,11.357036590576172,11.422222137451172,11.288888931274414,11.395556449890137,1393538
2012-05-23,11.33036994934082,11.502222061157227,11.309630393981934,11.475556373596191,3243375
2012-05-24,11.508148193359375,11.55851936340332,11.422222137451172,11.555556297302246,2133675
2012-05-25,11.579258918762207,11.600000381469727,11.425185203552246,11.466667175292969,2055038
2012-05-29,11.56740665435791,11.605925559997559,11.451851844787598,11.517037391662598,1614938
2012-05-30,11.448888778686523,11.448888778686523,11.300741195678711,11.303704261779785,1795500
2012-05-31,11.31851863861084,11.4399995803833,11.265185356140137,11.354073524475098,3212663
2012-06-01,11.226667404174805,11.336296081542969,11.185185432434082,11.256296157836914,2787413
2012-06-04,11.250370025634766,11.25333309173584,11.090370178222656,11.09333324432373,2940638
2012-06-05,11.081480979919434,11.117036819458008,11.037036895751953,11.051852226257324,3555563
2012-06-06,11.117036819458008,11.241480827331543,11.099259376525879,11.214815139770508,3178913
2012-06-07,11.315555572509766,11.398518562316895,11.268148422241211,11.300741195678711,1820813
2012-06-08,11.244443893432617,11.348148345947266,11.199999809265137,11.348148345947266,1370925
2012-06-11,11.422222137451172,11.466667175292969,11.247406959533691,11.250370025634766,2338875
2012-06-12,11.282962799072266,11.327406883239746,11.229630470275879,11.303704261779785,1098563
2012-06-13,11.288888931274414,11.377778053283691,11.220741271972656,11.232592582702637,1474200
2012-06-14,11.226667404174805,11.357036590576172,11.217778205871582,11.342222213745117,1009800
2012-06-15,11.342222213745117,11.357036590576172,11.137778282165527,11.137778282165527,3199838
2012-06-18,11.090370178222656,11.211852073669434,11.051852226257324,11.063703536987305,2967300
2012-06-19,11.072592735290527,11.197036743164062,11.060741424560547,11.167407035827637,2669288
2012-06-20,11.143704414367676,11.238518714904785,11.117036819458008,11.140741348266602,2538338
2012-06-21,11.17629623413086,11.235555648803711,10.960000038146973,10.968889236450195,1807313
2012-06-22,10.97185230255127,11.099259376525879,10.962963104248047,11.01629638671875,2509650
2012-06-25,10.936296463012695,11.004444122314453,10.838519096374512,10.968889236450195,1754663
2012-06-26,10.968889236450195,11.081480979919434,10.927407264709473,11.054815292358398,1607175
2012-06-27,11.057778358459473,11.164443969726562,11.039999961853027,11.137778282165527,871763
2012-06-28,11.078518867492676,11.279999732971191,11.022221565246582,11.279999732971191,1822838
2012-06-29,11.410369873046875,11.546667098999023,11.380741119384766,11.531851768493652,2553188
2012-07-02,11.56740665435791,11.653332710266113,11.540740966796875,11.641481399536133,1539338
2012-07-03,11.656295776367188,11.712593078613281,11.617777824401855,11.69777774810791,821138
2012-07-05,11.69777774810791,11.727407455444336,11.597037315368652,11.662221908569336,1245713
2012-07-06,11.54370403289795,11.62074089050293,11.481480598449707,11.585185050964355,1150538
2012-07-09,11.573332786560059,11.591111183166504,11.434074401855469,11.499258995056152,1138050
2012-07-10,11.534814834594727,11.561481475830078,11.454814910888672,11.520000457763672,1612238
2012-07-11,11.508148193359375,11.52296257019043,11.389630317687988,11.419259071350098,1404338
2012-07-12,11.398518562316895,11.585185050964355,11.303704261779785,11.549630165100098,2030738
2012-07-13,11.540740966796875,11.680000305175781,11.540740966796875,11.662221908569336,1365525
2012-07-16,11.662221908569336,11.68592643737793,11.600000381469727,11.62074089050293,1054688
2012-07-17,11.680000305175781,11.703703880310059,11.591111183166504,11.632593154907227,1463738
2012-07-18,11.6355562210083,11.691851615905762,11.528888702392578,11.549630165100098,2703713
2012-07-19,11.55851936340332,11.585185050964355,11.30666732788086,11.327406883239746,2185313
2012-07-20,11.33036994934082,11.33036994934082,11.069629669189453,11.096296310424805,3903525
2012-07-23,11.004444122314453,11.205925941467285,10.954073905944824,11.185185432434082,2329425
2012-07-24,11.143704414367676,11.185185432434082,10.974815368652344,11.031110763549805,2044913
2012-07-25,11.054815292358398,11.054815292358398,10.814814567565918,10.962963104248047,5269725
2012-07-26,11.045926094055176,11.069629669189453,10.817777633666992,10.838519096374512,3359475
2012-07-27,10.918519020080566,11.01629638671875,10.859258651733398,10.968889236450195,3098250
2012-07-30,10.957036972045898,11.013333320617676,10.88888931274414,10.968889236450195,2634863
2012-07-31,10.936296463012695,10.942221641540527,10.820740699768066,10.853333473205566,3519113
2012-08-01,10.909629821777344,10.927407264709473,10.797037124633789,10.847407341003418,1785713
2012-08-02,10.773332595825195,10.915555953979492,10.740740776062012,10.90666675567627,1824863
2012-08-03,10.998518943786621,11.022221565246582,10.927407264709473,10.98370361328125,2019600
2012-08-06,11.022221565246582,11.072592735290527,10.838519096374512,10.933333396911621,2306813
2012-08-07,10.97185230255127,11.019259452819824,10.912592887878418,10.98370361328125,1225125
2012-08-08,10.980740547180176,11.084444046020508,10.962963104248047,11.031110763549805,1234913
2012-08-09,11.022221565246582,11.09333324432373,10.690369606018066,11.025184631347656,979425
2012-08-10,11.022221565246582,11.051852226257324,10.921481132507324,11.034073829650879,933525
2012-08-13,11.042963027954102,11.066666603088379,10.918519020080566,11.001481056213379,1318275
2012-08-14,11.034073829650879,11.12592601776123,11.02814769744873,11.060741424560547,1039500
2012-08-15,11.072592735290527,11.179259300231934,11.054815292358398,11.149629592895508,1221413
2012-08-16,11.167407035827637,11.17629623413086,11.063703536987305,11.134815216064453,819450
2012-08-17,11.114073753356934,11.229630470275879,11.069629669189453,11.220741271972656,1524150
2012-08-20,11.22370433807373,11.271110534667969,11.12592601776123,11.167407035827637,1390163
2012-08-21,11.185185432434082,11.185185432434082,11.096296310424805,11.12592601776123,1306125
2012-08-22,11.090370178222656,11.128889083862305,11.01629638671875,11.031110763549805,853538
2012-08-23,10.995555877685547,11.034073829650879,10.945184707641602,10.965926170349121,1317263
2012-08-24,10.965926170349121,11.081480979919434,10.942221641540527,11.054815292358398,945675
2012-08-27,11.051852226257324,11.096296310424805,11.031110763549805,11.045926094055176,833288
2012-08-28,11.054815292358398,11.119999885559082,11.01629638671875,11.022221565246582,1290600
2012-08-29,11.019259452819824,11.072592735290527,11.007407188415527,11.031110763549805,820800
2012-08-30,10.995555877685547,11.057778358459473,10.986666679382324,11.022221565246582,776925
2012-08-31,11.072592735290527,11.235555648803711,11.02814769744873,11.075555801391602,1383075
2012-09-04,11.054815292358398,11.247406959533691,11.007407188415527,11.238518714904785,1123200
2012-09-05,11.229630470275879,11.265185356140137,11.164443969726562,11.20888900756836,1177875
2012-09-06,11.268148422241211,11.389630317687988,11.262222290039062,11.324443817138672,2302425
2012-09-07,11.339259147644043,11.345185279846191,11.146666526794434,11.167407035827637,1505925
2012-09-10,11.039999961853027,11.149629592895508,11.039999961853027,11.143704414367676,1249425
2012-09-11,11.12592601776123,11.226667404174805,11.09333324432373,11.117036819458008,1832963
2012-09-12,11.191110610961914,11.214815139770508,11.11111068725586,11.194073677062988,1936913
2012-09-13,11.18814754486084,11.315555572509766,11.146666526794434,11.247406959533691,1932863
2012-09-14,11.244443893432617,11.416296005249023,11.229630470275879,11.4074068069458,1818113
2012-09-17,11.386667251586914,11.463704109191895,11.262222290039062,11.265185356140137,1652738
2012-09-18,11.265185356140137,11.297778129577637,11.202962875366211,11.238518714904785,1488038
2012-09-19,11.229630470275879,11.268148422241211,11.194073677062988,11.194073677062988,1177200
2012-09-20,11.149629592895508,11.15851879119873,11.105184555053711,11.131852149963379,1231875
2012-09-21,11.205925941467285,11.238518714904785,11.122962951660156,11.149629592895508,2629125
2012-09-24,11.122962951660156,11.164443969726562,11.102222442626953,11.122962951660156,1295325
2012-09-25,11.152592658996582,11.28592586517334,10.97185230255127,10.980740547180176,1710788
2012-09-26,10.936296463012695,11.04888916015625,10.921481132507324,10.962963104248047,1976738
2012-09-27,11.001481056213379,11.084444046020508,10.930370330810547,11.081480979919434,1819800
2012-09-28,11.063703536987305,11.179259300231934,11.010370254516602,11.108147621154785,2761763
2012-10-01,11.072592735290527,11.17629623413086,11.031110763549805,11.081480979919434,4092525
2012-10-02,10.95111083984375,11.099259376525879,10.909629821777344,10.97185230255127,4250475
2012-10-03,10.974815368652344,11.037036895751953,10.945184707641602,10.98370361328125,1824863
2012-10-04,11.013333320617676,11.054815292358398,10.948147773742676,11.054815292358398,2505263
2012-10-05,11.081480979919434,11.235555648803711,11.081480979919434,11.164443969726562,1587263
2012-10-08,11.119999885559082,11.197036743164062,11.069629669189453,11.179259300231934,1448213
2012-10-09,11.211852073669434,11.211852073669434,11.037036895751953,11.072592735290527,1480950
2012-10-10,11.078518867492676,11.167407035827637,11.072592735290527,11.131852149963379,1576800
2012-10-11,11.182222366333008,11.232592582702637,11.114073753356934,11.122962951660156,1429650
2012-10-12,11.122962951660156,11.134815216064453,10.945184707641602,10.945184707641602,2066513
2012-10-15,10.957036972045898,11.057778358459473,10.957036972045898,11.057778358459473,2397600
2012-10-16,11.096296310424805,11.303704261779785,11.09333324432373,11.303704261779785,2519100
2012-10-17,11.339259147644043,11.431111335754395,11.279999732971191,11.404443740844727,5014913
2012-10-18,11.44592571258545,11.733332633972168,11.4074068069458,11.706666946411133,5062500
2012-10-19,11.691851615905762,11.691851615905762,11.531851768493652,11.549630165100098,3263625
2012-10-22,11.531851768493652,11.594074249267578,11.44592571258545,11.502222061157227,3733763
2012-10-23,11.525925636291504,11.816295623779297,11.437037467956543,11.771851539611816,5978138
2012-10-24,11.822221755981445,11.899258613586426,11.76296329498291,11.771851539611816,3063825
2012-10-25,11.84000015258789,11.878519058227539,11.644444465637207,11.706666946411133,4323038
2012-10-26,11.733332633972168,11.754074096679688,11.564443588256836,11.614814758300781,1697625
2012-10-31,11.282962799072266,11.662221908569336,11.279999732971191,11.52296257019043,3633525
2012-11-01,11.525925636291504,11.682963371276855,11.46074104309082,11.561481475830078,3878213
2012-11-02,11.579258918762207,11.579258918762207,11.339259147644043,11.348148345947266,2987550
2012-11-05,11.31851863861084,11.4399995803833,11.205925941467285,11.419259071350098,2403338
2012-11-06,11.466667175292969,11.549630165100098,11.448888778686523,11.475556373596191,1628438
2012-11-07,11.365925788879395,11.434074401855469,11.259259223937988,11.398518562316895,2263950
2012-11-08,11.374814987182617,11.540740966796875,11.336296081542969,11.52296257019043,2459025
2012-11-09,11.434074401855469,11.600000381469727,11.389630317687988,11.534814834594727,2195100
2012-11-12,11.528888702392578,11.540740966796875,11.404443740844727,11.472593307495117,1323338
2012-11-13,11.404443740844727,11.555556297302246,11.404443740844727,11.425185203552246,1267988
2012-11-14,11.437037467956543,11.499258995056152,11.365925788879395,11.386667251586914,1551150
2012-11-15,11.416296005249023,11.51111125946045,11.386667251586914,11.4399995803833,1714500
2012-11-16,11.422222137451172,11.502222061157227,11.377778053283691,11.493332862854004,2548125
2012-11-19,11.555556297302246,11.653332710266113,11.540740966796875,11.614814758300781,1915650
2012-11-20,11.614814758300781,11.69777774810791,11.555556297302246,11.694814682006836,1487700
2012-11-21,11.703703880310059,11.801481246948242,11.632593154907227,11.79555606842041,1583550
2012-11-23,11.84000015258789,11.869629859924316,11.792593002319336,11.869629859924316,738788
2012-11-26,11.789629936218262,11.925926208496094,11.730369567871094,11.783703804016113,2007113
2012-11-27,11.76296329498291,11.813332557678223,11.709630012512207,11.715556144714355,1387463
2012-11-28,11.69777774810791,11.745184898376465,11.570369720458984,11.733332633972168,1743525
2012-11-29,11.780740737915039,11.810370445251465,11.69777774810791,11.745184898376465,1190025
2012-11-30,11.733332633972168,11.780740737915039,11.677037239074707,11.777777671813965,2225813
2012-12-03,11.792593002319336,11.822221755981445,11.66518497467041,11.77481460571289,1588950
2012-12-04,11.760000228881836,11.798519134521484,11.703703880310059,11.748147964477539,1761075
2012-12-05,11.76296329498291,11.93777847290039,11.74222183227539,11.914073944091797,2217038
2012-12-06,11.881481170654297,11.9674072265625,11.768889427185059,11.783703804016113,1589963
2012-12-07,11.813332557678223,11.84000015258789,11.757037162780762,11.783703804016113,1190363
2012-12-10,11.77481460571289,11.842963218688965,11.715556144714355,11.771851539611816,1389150
2012-12-11,11.845926284790039,11.851852416992188,11.703703880310059,11.721481323242188,1626750
2012-12-12,11.76296329498291,11.789629936218262,11.682963371276855,11.691851615905762,2288250
2012-12-13,11.71851921081543,11.724444389343262,11.611851692199707,11.617777824401855,1754663
2012-12-14,11.611851692199707,11.668148040771484,11.520000457763672,11.520000457763672,2072588
2012-12-17,11.365925788879395,11.703703880310059,11.365925788879395,11.703703880310059,3026363
2012-12-18,11.712593078613281,11.733332633972168,11.487406730651855,11.570369720458984,3247425
2012-12-19,11.623703956604004,11.688888549804688,11.546667098999023,11.573332786560059,3791138
2012-12-20,11.300741195678711,11.600000381469727,11.297778129577637,11.600000381469727,3511350
2012-12-21,11.51111125946045,11.573332786560059,11.434074401855469,11.454814910888672,4280850
2012-12-24,11.434074401855469,11.469630241394043,11.38370418548584,11.437037467956543,645638
2012-12-26,11.434074401855469,11.44592571258545,11.226667404174805,11.265185356140137,2645663
2012-12-27,11.288888931274414,11.288888931274414,11.081480979919434,11.173333168029785,1792125
2012-12-28,11.152592658996582,11.214815139770508,11.105184555053711,11.143704414367676,1149525
2012-12-31,11.149629592895508,11.185185432434082,11.04888916015625,11.182222366333008,1930838
2013-01-02,11.33036994934082,11.448888778686523,11.268148422241211,11.442962646484375,2210625
2013-01-03,11.451851844787598,11.54370403289795,11.425185203552246,11.508148193359375,2214000
2013-01-04,11.508148193359375,11.573332786560059,11.502222061157227,11.56740665435791,1374638
2013-01-07,11.514074325561523,11.585185050964355,11.5051851272583,11.55851936340332,1662525
2013-01-08,11.552593231201172,11.600000381469727,11.54370403289795,11.591111183166504,2280150
2013-01-09,11.629630088806152,11.668148040771484,11.576295852661133,11.617777824401855,992925
2013-01-10,11.68592643737793,11.739258766174316,11.6355562210083,11.644444465637207,1978088
2013-01-11,11.644444465637207,11.703703880310059,11.614814758300781,11.653332710266113,1340213
2013-01-14,11.638519287109375,11.715556144714355,11.623703956604004,11.69777774810791,1178213
2013-01-15,11.629630088806152,11.765926361083984,11.629630088806152,11.760000228881836,1318275
2013-01-16,11.727407455444336,11.76296329498291,11.691851615905762,11.739258766174316,1246050
2013-01-17,11.745184898376465,11.834074020385742,11.703703880310059,11.798519134521484,1476225
2013-01-18,11.816295623779297,11.920000076293945,11.792593002319336,11.9022216796875,2256863
2013-01-22,11.943703651428223,12.272592544555664,11.931852340698242,12.231110572814941,2736450
2013-01-23,12.180741310119629,12.284443855285645,12.145185470581055,12.245925903320312,1610550
2013-01-24,12.272592544555664,12.45629596710205,12.272592544555664,12.308148384094238,1973025
2013-01-25,12.349630355834961,12.349630355834961,12.245925903320312,12.311111450195312,2058413
2013-01-28,12.337778091430664,12.346667289733887,12.130370140075684,12.165925979614258,2530238
2013-01-29,12.186667442321777,12.352593421936035,12.088889122009277,12.186667442321777,2595375
2013-01-30,12.20444393157959,12.20444393157959,12.0325927734375,12.068147659301758,2567700
2013-01-31,12.07703685760498,12.239999771118164,12.068147659301758,12.198518753051758,3550163
2013-02-01,12.284443855285645,12.444443702697754,12.245925903320312,12.30222225189209,2609888
2013-02-04,12.30222225189209,12.319999694824219,12.171852111816406,12.201480865478516,2157975
2013-02-05,12.222222328186035,12.319999694824219,12.183704376220703,12.222222328186035,2006438
2013-02-06,12.213333129882812,12.287406921386719,12.207406997680664,12.28148078918457,1299375
2013-02-07,12.328888893127441,12.382222175598145,12.25777816772461,12.331851959228516,1232888
2013-02-08,12.331851959228516,12.343704223632812,12.222222328186035,12.278518676757812,1487363
2013-02-11,12.272592544555664,12.28148078918457,12.222222328186035,12.25777816772461,1283513
2013-02-12,12.260741233825684,12.325925827026367,12.219259262084961,12.317036628723145,1823850
2013-02-13,12.33481502532959,12.358518600463867,12.28148078918457,12.352593421936035,1306800
2013-02-14,12.308148384094238,12.385185241699219,12.308148384094238,12.337778091430664,914963
2013-02-15,12.33481502532959,12.355555534362793,12.266667366027832,12.317036628723145,1105650
2013-02-19,12.33481502532959,12.41185188293457,12.296296119689941,12.343704223632812,2160338
2013-02-20,12.331851959228516,12.394074440002441,12.216296195983887,12.216296195983887,2194425
2013-02-21,12.210370063781738,12.408888816833496,12.210370063781738,12.376296043395996,1759050
2013-02-22,12.402962684631348,12.474074363708496,12.3970365524292,12.471111297607422,1289925
2013-02-25,12.47703742980957,12.503704071044922,12.201480865478516,12.201480865478516,1576125
2013-02-26,12.245925903320312,12.376296043395996,12.213333129882812,12.325925827026367,1471500
2013-02-27,12.31407356262207,12.402962684631348,12.287406921386719,12.370369911193848,713138
2013-02-28,12.358518600463867,12.447406768798828,12.296296119689941,12.296296119689941,1534950
2013-03-01,12.254815101623535,12.352593421936035,12.177778244018555,12.322962760925293,2102625
2013-03-04,12.322962760925293,12.346667289733887,12.177778244018555,12.290369987487793,1308150
2013-03-05,12.319999694824219,12.48888874053955,12.284443855285645,12.414814949035645,1150200
2013-03-06,12.426667213439941,12.482962608337402,12.361480712890625,12.43259334564209,885938
2013-03-07,12.450369834899902,12.48888874053955,12.417778015136719,12.45629596710205,1479938
2013-03-08,12.48888874053955,12.530369758605957,12.388148307800293,12.485925674438477,1083038
2013-03-11,12.524443626403809,12.568888664245605,12.43259334564209,12.485925674438477,1501875
2013-03-12,12.506667137145996,12.53925895690918,12.47703742980957,12.500741004943848,1146488
2013-03-13,12.545185089111328,12.5925931930542,12.515556335449219,12.530369758605957,1340213
2013-03-14,12.568888664245605,12.68148136138916,12.4948148727417,12.68148136138916,1453275
2013-03-15,12.675556182861328,12.749629974365234,12.642963409423828,12.749629974365234,2520113
2013-03-18,12.687406539916992,12.761481285095215,12.666666984558105,12.720000267028809,1307138
2013-03-19,12.758519172668457,12.84148120880127,12.743703842163086,12.782221794128418,1698975
2013-03-20,12.838519096374512,12.882963180541992,12.782221794128418,12.847407341003418,1364175
2013-03-21,12.829629898071289,12.880000114440918,12.779258728027344,12.800000190734863,1127588
2013-03-22,12.844444274902344,12.903703689575195,12.838519096374512,12.882963180541992,1403325
2013-03-25,13.075555801391602,13.137778282165527,12.838519096374512,12.962963104248047,2792813
2013-03-26,13.013333320617676,13.037036895751953,12.903703689575195,12.965926170349121,1373625
2013-03-27,12.912592887878418,13.034073829650879,12.868147850036621,13.01629638671875,1171125
2013-03-28,13.034073829650879,13.155555725097656,12.954073905944824,13.146666526794434,2113425
2013-04-01,13.161480903625488,13.199999809265137,13.037036895751953,13.081480979919434,1704038
2013-04-02,13.152592658996582,13.20888900756836,13.105184555053711,13.182222366333008,1853888
2013-04-03,13.22370433807373,13.277036666870117,13.084444046020508,13.105184555053711,2232563
2013-04-04,13.137778282165527,13.202962875366211,13.11111068725586,13.15851879119873,1904513
2013-04-05,13.051852226257324,13.199999809265137,13.039999961853027,13.182222366333008,1017225
2013-04-08,13.179259300231934,13.288888931274414,13.143704414367676,13.288888931274414,1111050
2013-04-09,13.324443817138672,13.401480674743652,13.247406959533691,13.336296081542969,1493775
2013-04-10,13.371851921081543,13.38370418548584,13.268148422241211,13.359999656677246,2005088
2013-04-11,13.386667251586914,13.496295928955078,13.345185279846191,13.448888778686523,1337513
2013-04-12,13.437037467956543,13.508148193359375,13.345185279846191,13.401480674743652,1263263
2013-04-15,13.386667251586914,13.395556449890137,13.087407112121582,13.128889083862305,2246738
2013-04-16,13.194073677062988,13.333333015441895,13.12592601776123,13.327406883239746,1568363
2013-04-17,13.268148422241211,13.268148422241211,13.090370178222656,13.11111068725586,1804275
2013-04-18,13.167407035827637,13.194073677062988,12.927407264709473,12.965926170349121,1607175
2013-04-19,13.001481056213379,13.15851879119873,12.945184707641602,13.11111068725586,1715175
2013-04-22,13.099259376525879,13.143704414367676,12.960000038146973,13.09333324432373,1115775
2013-04-23,13.140741348266602,13.35111141204834,13.128889083862305,13.137778282165527,2592000
2013-04-24,13.099259376525879,13.152592658996582,12.90666675567627,13.001481056213379,2599088
2013-04-25,13.037036895751953,13.069629669189453,12.980740547180176,13.01629638671875,1275750
2013-04-26,12.992592811584473,13.007407188415527,12.782221794128418,12.838519096374512,1937250
2013-04-29,12.880000114440918,12.897777557373047,12.725926399230957,12.77629566192627,2091488
2013-04-30,12.770369529724121,12.865184783935547,12.71407413482666,12.865184783935547,1981463
2013-05-01,12.865184783935547,12.891852378845215,12.678519248962402,12.699258804321289,2346300
2013-05-02,12.749629974365234,12.761481285095215,12.640000343322754,12.684444427490234,1384088
2013-05-03,12.788147926330566,12.805926322937012,12.651851654052734,12.717037200927734,1881563
2013-05-06,12.728889465332031,12.785184860229492,12.622221946716309,12.675556182861328,1933875
2013-05-07,12.68148136138916,12.752593040466309,12.642963409423828,12.743703842163086,2276775
2013-05-08,12.740740776062012,12.761481285095215,12.687406539916992,12.737777709960938,1991925
2013-05-09,12.734814643859863,12.740740776062012,12.565925598144531,12.583703994750977,1796850
2013-05-10,12.5925931930542,12.631111145019531,12.53925895690918,12.613332748413086,1501200
2013-05-13,12.589630126953125,12.622221946716309,12.536295890808105,12.557037353515625,1270688
2013-05-14,12.589630126953125,12.63703727722168,12.497777938842773,12.577777862548828,3072938
2013-05-15,12.565925598144531,12.640000343322754,12.530369758605957,12.619258880615234,2496150
2013-05-16,12.610369682312012,12.631111145019531,12.530369758605957,12.551111221313477,1847138
2013-05-17,12.613332748413086,12.696295738220215,12.530369758605957,12.61629581451416,2602125
2013-05-20,12.5925931930542,12.607406616210938,12.50963020324707,12.512593269348145,1321988
2013-05-21,12.512593269348145,12.524443626403809,12.317036628723145,12.405925750732422,2288588
2013-05-22,12.37925910949707,12.497777938842773,12.210370063781738,12.228148460388184,2642625
2013-05-23,12.189629554748535,12.337778091430664,12.189629554748535,12.234073638916016,3277800
2013-05-24,12.210370063781738,12.22518539428711,12.124444007873535,12.162962913513184,2069550
2013-05-28,12.248888969421387,12.254815101623535,12.0977783203125,12.118518829345703,1801238
2013-05-29,12.050370216369629,12.139259338378906,11.973333358764648,12.094815254211426,2767163
2013-05-30,12.124444007873535,12.239999771118164,12.0977783203125,12.20444393157959,2488725
2013-05-31,12.20444393157959,12.293333053588867,12.139259338378906,12.139259338378906,2820825
2013-06-03,12.139259338378906,12.157036781311035,12.005926132202148,12.124444007873535,3399300
2013-06-04,12.136296272277832,12.186667442321777,11.985184669494629,11.997036933898926,2713500
2013-06-05,11.97925853729248,11.985184669494629,11.881481170654297,11.911110877990723,3657825
2013-06-06,11.982221603393555,12.219259262084961,11.943703651428223,12.148147583007812,6019988
2013-06-07,12.248888969421387,12.317036628723145,12.100741386413574,12.30222225189209,3168788
2013-06-10,12.317036628723145,12.426667213439941,12.299259185791016,12.426667213439941,2458350
2013-06-11,12.33481502532959,12.355555534362793,12.22518539428711,12.23703670501709,2137725
2013-06-12,12.275555610656738,12.30222225189209,12.151110649108887,12.171852111816406,1432688
2013-06-13,12.165925979614258,12.328888893127441,12.106666564941406,12.317036628723145,1485675
2013-06-14,12.322962760925293,12.391111373901367,12.222222328186035,12.242962837219238,1125225
2013-06-17,12.272592544555664,12.3644437789917,12.248888969421387,12.331851959228516,1710788
2013-06-18,12.343704223632812,12.426667213439941,12.322962760925293,12.376296043395996,1219725
2013-06-19,12.358518600463867,12.391111373901367,12.183704376220703,12.20444393157959,1665900
2013-06-20,12.112592697143555,12.154073715209961,11.905184745788574,11.917037010192871,1945350
2013-06-21,11.982221603393555,12.02074146270752,11.878519058227539,11.905184745788574,3959213
2013-06-24,11.792593002319336,11.851852416992188,11.739258766174316,11.822221755981445,3289950
2013-06-25,11.887407302856445,11.89037036895752,11.80740737915039,11.845926284790039,2331450
2013-06-26,11.925926208496094,11.97925853729248,11.884444236755371,11.92296314239502,1735763
2013-06-27,11.991110801696777,12.074073791503906,11.93777847290039,12.041481018066406,1121513
2013-06-28,12.035555839538574,12.154073715209961,11.93777847290039,12.106666564941406,2841750
2013-07-01,12.157036781311035,12.361480712890625,12.154073715209961,12.346667289733887,2115450
2013-07-02,12.340741157531738,12.438518524169922,12.284443855285645,12.33481502532959,2921400
2013-07-03,12.28148078918457,12.33481502532959,12.22518539428711,12.308148384094238,867713
2013-07-05,12.349630355834961,12.426667213439941,12.254815101623535,12.423704147338867,1101938
2013-07-08,12.453332901000977,12.574814796447754,12.453332901000977,12.548148155212402,1132988
2013-07-09,12.595556259155273,12.722963333129883,12.57185173034668,12.696295738220215,1707750
2013-07-10,12.654814720153809,12.74666690826416,12.654814720153809,12.734814643859863,1724288
2013-07-11,12.805926322937012,12.850370407104492,12.711111068725586,12.84148120880127,1468125
2013-07-12,12.868147850036621,13.034073829650879,12.868147850036621,12.98370361328125,2091825
2013-07-15,12.980740547180176,13.063703536987305,12.95111083984375,13.060741424560547,1940963
2013-07-16,13.066666603088379,13.072592735290527,12.856295585632324,12.88888931274414,2462400
2013-07-17,12.903703689575195,12.986666679382324,12.87407398223877,12.974815368652344,1272713
2013-07-18,12.995555877685547,13.114073753356934,12.992592811584473,13.096296310424805,1207913
2013-07-19,13.078518867492676,13.134815216064453,13.022221565246582,13.114073753356934,1371263
2013-07-22,13.087407112121582,13.235555648803711,13.022221565246582,13.220741271972656,1702688
2013-07-23,13.199999809265137,13.297778129577637,12.50963020324707,12.651851654052734,5352075
2013-07-24,12.66963005065918,12.708148002624512,12.57185173034668,12.625185012817383,2391863
2013-07-25,12.622221946716309,12.71407413482666,12.57185173034668,12.657777786254883,1987875
2013-07-26,12.63703727722168,12.675556182861328,12.583703994750977,12.666666984558105,1224113
2013-07-29,12.651851654052734,12.68148136138916,12.562962532043457,12.610369682312012,1179563
2013-07-30,12.64888858795166,12.711111068725586,12.557037353515625,12.568888664245605,1235250
2013-07-31,12.610369682312012,12.675556182861328,12.536295890808105,12.55407428741455,1449563
2013-08-01,12.631111145019531,12.82370376586914,12.631111145019531,12.785184860229492,3441825
2013-08-02,13.013333320617676,13.013333320617676,12.749629974365234,12.788147926330566,1395225
2013-08-05,12.74666690826416,12.779258728027344,12.610369682312012,12.690369606018066,1523813
2013-08-06,12.678519248962402,12.711111068725586,12.518519401550293,12.530369758605957,1415475
2013-08-07,12.482962608337402,12.527406692504883,12.376296043395996,12.385185241699219,1057388
2013-08-08,12.426667213439941,12.450369834899902,12.308148384094238,12.361480712890625,1176525
2013-08-09,12.355555534362793,12.399999618530273,12.299259185791016,12.349630355834961,1134675
2013-08-12,12.299259185791016,12.47703742980957,12.299259185791016,12.429630279541016,1660838
2013-08-13,12.43259334564209,12.491851806640625,12.308148384094238,12.485925674438477,774900
2013-08-14,12.47703742980957,12.536295890808105,12.435556411743164,12.521480560302734,1050300
2013-08-15,12.453332901000977,12.471111297607422,12.340741157531738,12.3970365524292,1578825
2013-08-16,12.3644437789917,12.447406768798828,12.358518600463867,12.385185241699219,1133325
2013-08-19,12.3644437789917,12.399999618530273,12.284443855285645,12.293333053588867,1361138
2013-08-20,12.31407356262207,12.402962684631348,12.242962837219238,12.376296043395996,1396238
2013-08-21,12.370369911193848,12.408888816833496,12.275555610656738,12.296296119689941,886950
2013-08-22,12.296296119689941,12.4622220993042,12.287406921386719,12.450369834899902,590963
2013-08-23,12.459259033203125,12.485925674438477,12.358518600463867,12.459259033203125,696600
2013-08-26,12.447406768798828,12.515556335449219,12.391111373901367,12.423704147338867,555525
2013-08-27,12.293333053588867,12.394074440002441,12.251852035522461,12.296296119689941,1135350
2013-08-28,12.269630432128906,12.346667289733887,12.248888969421387,12.25777816772461,976050
2013-08-29,12.222222328186035,12.352593421936035,12.222222328186035,12.248888969421387,713813
2013-08-30,12.242962837219238,12.31407356262207,12.154073715209961,12.183704376220703,2142113
2013-09-03,12.296296119689941,12.340741157531738,12.071110725402832,12.171852111816406,2933213
2013-09-04,12.15999984741211,12.260741233825684,12.103704452514648,12.171852111816406,1715175
2013-09-05,12.17481517791748,12.207406997680664,12.100741386413574,12.14222240447998,1118813
2013-09-06,12.112592697143555,12.148147583007812,11.976296424865723,12.059259414672852,1791450
2013-09-09,12.071110725402832,12.231110572814941,12.056296348571777,12.207406997680664,754313
2013-09-10,12.269630432128906,12.30222225189209,12.201480865478516,12.296296119689941,891675
2013-09-11,12.30222225189209,12.361480712890625,12.260741233825684,12.361480712890625,1246725
2013-09-12,12.361480712890625,12.405925750732422,12.293333053588867,12.337778091430664,1239638
2013-09-13,12.358518600463867,12.399999618530273,12.296296119689941,12.305185317993164,895388
2013-09-16,12.37925910949707,12.420741081237793,12.287406921386719,12.308148384094238,1902825
2013-09-17,12.325925827026367,12.447406768798828,12.308148384094238,12.423704147338867,1690875
2013-09-18,12.429630279541016,12.583703994750977,12.370369911193848,12.583703994750977,1978763
2013-09-19,12.613332748413086,12.74666690826416,12.557037353515625,12.71407413482666,2181938
2013-09-20,12.737777709960938,12.850370407104492,12.725926399230957,12.802963256835938,3101625
2013-09-23,12.761481285095215,12.794074058532715,12.690369606018066,12.743703842163086,1227488
2013-09-24,12.720000267028809,12.802963256835938,12.699258804321289,12.717037200927734,847800
2013-09-25,12.71407413482666,12.82370376586914,12.64888858795166,12.797037124633789,945000
2013-09-26,12.794074058532715,12.88888931274414,12.734814643859863,12.817777633666992,836663
2013-09-27,12.782221794128418,12.868147850036621,12.734814643859863,12.805926322937012,1128938
2013-09-30,12.666666984558105,12.731851577758789,12.45629596710205,12.699258804321289,4632188
2013-10-01,12.740740776062012,12.805926322937012,12.61629581451416,12.657777786254883,3338550
2013-10-02,12.613332748413086,12.702221870422363,12.542222023010254,12.657777786254883,1910588
2013-10-03,12.613332748413086,12.613332748413086,12.506667137145996,12.55407428741455,1599413
2013-10-04,12.53925895690918,12.622221946716309,12.53925895690918,12.604443550109863,1438763
2013-10-07,12.515556335449219,12.598519325256348,12.471111297607422,12.524443626403809,897075
2013-10-08,12.524443626403809,12.55407428741455,12.447406768798828,12.4622220993042,1133325
2013-10-09,12.465185165405273,12.5600004196167,12.41185188293457,12.4948148727417,2011838
2013-10-10,12.628148078918457,12.743703842163086,12.589630126953125,12.737777709960938,1710113
2013-10-11,12.702221870422363,12.847407341003418,12.678519248962402,12.84148120880127,1063125
2013-10-14,12.797037124633789,12.98370361328125,12.764444351196289,12.98370361328125,1182263
2013-10-15,12.977778434753418,13.013333320617676,12.826666831970215,12.850370407104492,1817438
2013-10-16,12.601481437683105,12.989629745483398,12.601481437683105,12.98370361328125,1938600
2013-10-17,12.945184707641602,13.102222442626953,12.903703689575195,13.090370178222656,1397588
2013-10-18,13.15851879119873,13.167407035827637,13.045926094055176,13.155555725097656,1506600
2013-10-21,13.143704414367676,13.214815139770508,13.105184555053711,13.128889083862305,1556550
2013-10-22,13.235555648803711,13.333333015441895,12.918519020080566,12.939258575439453,2293988
2013-10-23,12.868147850036621,13.001481056213379,12.797037124633789,12.989629745483398,1480275
2013-10-24,12.986666679382324,13.063703536987305,12.930370330810547,12.930370330810547,920025
2013-10-25,12.957036972045898,13.075555801391602,12.885926246643066,12.930370330810547,1319288
2013-10-28,12.915555953979492,12.980740547180176,12.885926246643066,12.974815368652344,1343925
2013-10-29,13.010370254516602,13.045926094055176,12.97185230255127,13.01629638671875,1839375
2013-10-30,13.051852226257324,13.102222442626953,12.992592811584473,13.060741424560547,1602450
2013-10-31,13.075555801391602,13.075555801391602,12.98370361328125,13.010370254516602,2362500
2013-11-01,13.039999961853027,13.04888916015625,12.856295585632324,12.912592887878418,1667588
2013-11-04,12.924444198608398,12.968889236450195,12.88888931274414,12.903703689575195,1181588
2013-11-05,12.885926246643066,12.924444198608398,12.84148120880127,12.84148120880127,1438425
2013-11-06,12.868147850036621,12.960000038146973,12.82370376586914,12.936296463012695,1374975
2013-11-07,12.962963104248047,13.010370254516602,12.808889389038086,12.814814567565918,1663538
2013-11-08,12.808889389038086,12.856295585632324,12.767407417297363,12.826666831970215,2902838
2013-11-11,12.81185245513916,12.903703689575195,12.794074058532715,12.87407398223877,1674000
2013-11-12,12.832592964172363,12.894815444946289,12.794074058532715,12.865184783935547,1865025
2013-11-13,12.829629898071289,12.945184707641602,12.805926322937012,12.945184707641602,1527188
2013-11-14,12.974815368652344,13.045926094055176,12.894815444946289,13.039999961853027,658125
2013-11-15,13.039999961853027,13.045926094055176,12.894815444946289,12.962963104248047,817425
2013-11-18,12.95111083984375,12.97185230255127,12.877037048339844,12.933333396911621,1335825
2013-11-19,12.936296463012695,12.968889236450195,12.865184783935547,12.960000038146973,1242675
2013-11-20,12.962963104248047,12.97185230255127,12.868147850036621,12.912592887878418,1784025
2013-11-21,12.948147773742676,13.069629669189453,12.936296463012695,13.069629669189453,884925
2013-11-22,13.051852226257324,13.202962875366211,13.007407188415527,13.199999809265137,1223100
2013-11-25,13.226667404174805,13.241480827331543,13.131852149963379,13.146666526794434,989550
2013-11-26,13.12592601776123,13.179259300231934,13.063703536987305,13.072592735290527,2010150
2013-11-27,13.066666603088379,13.122962951660156,13.025184631347656,13.075555801391602,2393888
2013-11-29,13.04888916015625,13.11111068725586,12.974815368652344,12.974815368652344,771863
2013-12-02,12.79111099243164,12.930370330810547,12.651851654052734,12.749629974365234,2771888
2013-12-03,12.705184936523438,12.797037124633789,12.684444427490234,12.77629566192627,1817438
2013-12-04,12.717037200927734,12.79111099243164,12.631111145019531,12.711111068725586,1289925
2013-12-05,12.690369606018066,12.69333267211914,12.613332748413086,12.69333267211914,1701338
2013-12-06,12.802963256835938,12.90666675567627,12.764444351196289,12.817777633666992,2505600
2013-12-09,12.814814567565918,12.927407264709473,12.814814567565918,12.885926246643066,2587613
2013-12-10,12.856295585632324,12.885926246643066,12.800000190734863,12.81185245513916,3081713
2013-12-11,12.802963256835938,12.844444274902344,12.542222023010254,12.548148155212402,3768188
2013-12-12,12.521480560302734,12.640000343322754,12.518519401550293,12.574814796447754,1743188
2013-12-13,12.628148078918457,12.678519248962402,12.574814796447754,12.619258880615234,2018925
2013-12-16,12.634074211120605,12.699258804321289,12.533332824707031,12.551111221313477,3096563
2013-12-17,12.527406692504883,12.557037353515625,12.426667213439941,12.48888874053955,2590313
2013-12-18,12.50963020324707,12.622221946716309,12.465185165405273,12.613332748413086,2455988
2013-12-19,12.604443550109863,12.619258880615234,12.557037353515625,12.565925598144531,1856925
2013-12-20,12.565925598144531,12.651851654052734,12.565925598144531,12.651851654052734,2928488
2013-12-23,12.63703727722168,12.734814643859863,12.619258880615234,12.645926475524902,1287225
2013-12-24,12.634074211120605,12.731851577758789,12.634074211120605,12.731851577758789,424913
2013-12-26,12.773332595825195,12.81185245513916,12.66963005065918,12.731851577758789,652050
2013-12-27,12.755556106567383,12.794074058532715,12.711111068725586,12.717037200927734,1552500
2013-12-30,12.731851577758789,12.820740699768066,12.731851577758789,12.817777633666992,1972013
2013-12-31,12.844444274902344,12.877037048339844,12.808889389038086,12.856295585632324,1158638
2014-01-02,12.844444274902344,12.844444274902344,12.622221946716309,12.690369606018066,1658475
2014-01-03,12.672593116760254,12.708148002624512,12.625185012817383,12.64888858795166,1202850
2014-01-06,12.696295738220215,12.71407413482666,12.565925598144531,12.5925931930542,1503900
2014-01-07,12.601481437683105,12.687406539916992,12.53925895690918,12.55407428741455,1948050
2014-01-08,12.524443626403809,12.527406692504883,12.352593421936035,12.373332977294922,3572438
2014-01-09,12.3970365524292,12.45629596710205,12.355555534362793,12.429630279541016,3828263
2014-01-10,12.444443702697754,12.471111297607422,12.376296043395996,12.444443702697754,1865363
2014-01-13,12.438518524169922,12.450369834899902,12.25777816772461,12.299259185791016,1575450
2014-01-14,12.340741157531738,12.37925910949707,12.308148384094238,12.361480712890625,1788750
2014-01-15,12.385185241699219,12.394074440002441,12.31407356262207,12.349630355834961,2074613
2014-01-16,12.340741157531738,12.361480712890625,12.305185317993164,12.355555534362793,1788413
2014-01-17,12.355555534362793,12.367406845092773,12.287406921386719,12.30222225189209,1855238
2014-01-21,12.311111450195312,12.346667289733887,12.130370140075684,12.239999771118164,2573775
2014-01-22,12.278518676757812,12.331851959228516,12.222222328186035,12.299259185791016,2436413
2014-01-23,12.228148460388184,12.239999771118164,12.074073791503906,12.121480941772461,1675013
2014-01-24,12.041481018066406,12.082962989807129,11.905184745788574,11.905184745788574,1690538
2014-01-27,11.905184745788574,11.97925853729248,11.84000015258789,11.881481170654297,3055388
2014-01-28,11.911110877990723,12.177778244018555,11.884444236755371,12.130370140075684,3930863
2014-01-29,12.017778396606445,12.106666564941406,11.82518482208252,11.961481094360352,3700350
2014-01-30,11.831110954284668,11.845926284790039,11.66518497467041,11.69777774810791,4865400
2014-01-31,11.55851936340332,11.626667022705078,11.457777976989746,11.484443664550781,4369613
2014-02-03,11.466667175292969,11.493332862854004,11.205925941467285,11.238518714904785,7422638
2014-02-04,11.22370433807373,11.517037391662598,11.22370433807373,11.493332862854004,5893763
2014-02-05,11.484443664550781,11.51111125946045,11.35111141204834,11.377778053283691,3159675
2014-02-06,11.398518562316895,11.478519439697266,11.33036994934082,11.475556373596191,5170838
2014-02-07,11.502222061157227,11.55851936340332,11.425185203552246,11.531851768493652,2768175
2014-02-10,11.546667098999023,11.709630012512207,11.502222061157227,11.682963371276855,2828925
2014-02-11,11.688888549804688,11.869629859924316,11.671111106872559,11.842963218688965,2395575
2014-02-12,11.845926284790039,11.878519058227539,11.786666870117188,11.875555992126465,2665913
2014-02-13,11.80740737915039,11.940740585327148,11.783703804016113,11.920000076293945,1983488
2014-02-14,11.920000076293945,12.041481018066406,11.887407302856445,12.041481018066406,1402650
2014-02-18,12.059259414672852,12.079999923706055,11.934815406799316,12.023703575134277,2154938
2014-02-19,11.985184669494629,12.056296348571777,11.946666717529297,11.976296424865723,2086425
2014-02-20,12.133333206176758,12.157036781311035,12.014815330505371,12.07703685760498,1973025
2014-02-21,12.100741386413574,12.112592697143555,12.035555839538574,12.059259414672852,3219413
2014-02-24,12.053333282470703,12.106666564941406,12.014815330505371,12.0325927734375,2086763
2014-02-25,12.035555839538574,12.050370216369629,11.961481094360352,12.02074146270752,2155950
2014-02-26,12.029629707336426,12.056296348571777,11.961481094360352,12.056296348571777,2151563
2014-02-27,12.050370216369629,12.177778244018555,12.029629707336426,12.177778244018555,1161675
2014-02-28,12.189629554748535,12.308148384094238,12.15999984741211,12.219259262084961,1782338
2014-03-03,12.12740707397461,12.157036781311035,12.002963066101074,12.074073791503906,1824525
2014-03-04,12.201480865478516,12.248888969421387,12.139259338378906,12.162962913513184,2100263
2014-03-05,12.171852111816406,12.216296195983887,12.112592697143555,12.168889045715332,1782675
2014-03-06,12.198518753051758,12.22518539428711,12.115555763244629,12.12740707397461,1853888
2014-03-07,12.177778244018555,12.177778244018555,12.017778396606445,12.065184593200684,1821150
2014-03-10,12.04444408416748,12.071110725402832,11.973333358764648,12.065184593200684,1721250
2014-03-11,12.088889122009277,12.136296272277832,11.991110801696777,12.041481018066406,1988550
2014-03-12,12.017778396606445,12.094815254211426,11.964444160461426,12.071110725402832,2125575
2014-03-13,12.094815254211426,12.115555763244629,11.961481094360352,12.038518905639648,1961550
2014-03-14,12.023703575134277,12.112592697143555,11.982221603393555,12.050370216369629,2074275
2014-03-17,12.026666641235352,12.148147583007812,12.005926132202148,12.148147583007812,2481638
2014-03-18,12.162962913513184,12.207406997680664,12.10962963104248,12.183704376220703,2059763
2014-03-19,12.198518753051758,12.198518753051758,12.071110725402832,12.136296272277832,2955150
2014-03-20,12.094815254211426,12.154073715209961,12.059259414672852,12.112592697143555,1940963
2014-03-21,12.15999984741211,12.219259262084961,12.121480941772461,12.162962913513184,6390225
2014-03-24,12.186667442321777,12.219259262084961,12.103704452514648,12.139259338378906,1416150
2014-03-25,12.201480865478516,12.248888969421387,12.14222240447998,12.228148460388184,1307813
2014-03-26,12.278518676757812,12.340741157531738,12.154073715209961,12.154073715209961,1930500
2014-03-27,12.177778244018555,12.20444393157959,12.103704452514648,12.121480941772461,1437075
2014-03-28,12.168889045715332,12.228148460388184,12.100741386413574,12.133333206176758,1221413
2014-03-31,12.210370063781738,12.358518600463867,12.165925979614258,12.331851959228516,2562638
2014-04-01,12.33481502532959,12.352593421936035,12.106666564941406,12.269630432128906,2414813
2014-04-02,12.260741233825684,12.278518676757812,12.20444393157959,12.213333129882812,1176525
2014-04-03,12.239999771118164,12.337778091430664,12.186667442321777,12.325925827026367,1047263
2014-04-04,12.367406845092773,12.417778015136719,12.254815101623535,12.25777816772461,1413788
2014-04-07,12.248888969421387,12.263704299926758,12.136296272277832,12.151110649108887,1272038
2014-04-08,12.148147583007812,12.183704376220703,12.094815254211426,12.115555763244629,952763
2014-04-09,12.171852111816406,12.269630432128906,12.082962989807129,12.266667366027832,1106663
2014-04-10,12.242962837219238,12.355555534362793,12.130370140075684,12.130370140075684,1850850
2014-04-11,12.106666564941406,12.10962963104248,12.023703575134277,12.0325927734375,1122525
2014-04-14,12.130370140075684,12.14222240447998,12.026666641235352,12.112592697143555,926775
2014-04-15,12.133333206176758,12.165925979614258,12.017778396606445,12.165925979614258,997650
2014-04-16,12.23703670501709,12.284443855285645,12.19259262084961,12.272592544555664,1394213
2014-04-17,12.275555610656738,12.355555534362793,12.245925903320312,12.263704299926758,927788
2014-04-21,12.254815101623535,12.272592544555664,12.201480865478516,12.266667366027832,780638
2014-04-22,12.28148078918457,12.322962760925293,12.219259262084961,12.293333053588867,1253475
2014-04-23,12.58666706085205,12.722963333129883,12.471111297607422,12.613332748413086,2746575
2014-04-24,12.675556182861328,12.838519096374512,12.63703727722168,12.794074058532715,1904175
2014-04-25,12.800000190734863,12.808889389038086,12.672593116760254,12.717037200927734,1748250
2014-04-28,12.773332595825195,12.924444198608398,12.770369529724121,12.891852378845215,1799213
2014-04-29,12.939258575439453,13.078518867492676,12.912592887878418,13.075555801391602,2551500
2014-04-30,13.04888916015625,13.134815216064453,12.903703689575195,13.108147621154785,2963588
2014-05-01,13.128889083862305,13.149629592895508,13.02814769744873,13.140741348266602,2421900
2014-05-02,13.131852149963379,13.259259223937988,13.12592601776123,13.226667404174805,2148525
2014-05-05,13.164443969726562,13.194073677062988,13.04888916015625,13.155555725097656,1453275
2014-05-06,13.12592601776123,13.137778282165527,13.031110763549805,13.054815292358398,2047950
2014-05-07,13.054815292358398,13.333333015441895,13.054815292358398,13.333333015441895,2131988
2014-05-08,13.31851863861084,13.386667251586914,13.143704414367676,13.15851879119873,1980450
2014-05-09,13.140741348266602,13.205925941467285,13.072592735290527,13.149629592895508,1178550
2014-05-12,13.191110610961914,13.277036666870117,13.164443969726562,13.226667404174805,1438088
2014-05-13,13.235555648803711,13.288888931274414,13.182222366333008,13.205925941467285,1688850
2014-05-14,13.217778205871582,13.226667404174805,13.04888916015625,13.117036819458008,1539675
2014-05-15,13.11111068725586,13.11111068725586,12.885926246643066,13.034073829650879,1452263
2014-05-16,13.01629638671875,13.042963027954102,12.942221641540527,13.039999961853027,983138
2014-05-19,13.02814769744873,13.075555801391602,12.974815368652344,13.063703536987305,1333125
2014-05-20,13.063703536987305,13.069629669189453,12.930370330810547,13.004444122314453,1401638
2014-05-21,13.013333320617676,13.072592735290527,12.962963104248047,13.063703536987305,1244363
2014-05-22,13.042963027954102,13.066666603088379,12.97185230255127,13.034073829650879,1781663
2014-05-23,13.045926094055176,13.122962951660156,13.004444122314453,13.078518867492676,1553175
2014-05-27,13.11111068725586,13.167407035827637,13.096296310424805,13.12592601776123,904500
2014-05-28,13.140741348266602,13.152592658996582,13.060741424560547,13.11111068725586,880200
2014-05-29,13.140741348266602,13.211852073669434,13.105184555053711,13.194073677062988,778275
2014-05-30,13.18814754486084,13.220741271972656,13.149629592895508,13.205925941467285,2075625
2014-06-02,13.220741271972656,13.288888931274414,13.170370101928711,13.217778205871582,1496138
2014-06-03,13.199999809265137,13.235555648803711,13.131852149963379,13.211852073669434,1288913
2014-06-04,13.220741271972656,13.392593383789062,13.220741271972656,13.374814987182617,1261913
2014-06-05,13.374814987182617,13.451851844787598,13.31851863861084,13.425185203552246,1049963
2014-06-06,13.422222137451172,13.5051851272583,13.419259071350098,13.4399995803833,954788
2014-06-09,13.431111335754395,13.502222061157227,13.425185203552246,13.466667175292969,804263
2014-06-10,13.425185203552246,13.451851844787598,13.377778053283691,13.404443740844727,1188675
2014-06-11,13.377778053283691,13.425185203552246,13.35111141204834,13.4074068069458,713138
2014-06-12,13.404443740844727,13.416296005249023,13.297778129577637,13.374814987182617,1107000
2014-06-13,13.36296272277832,13.422222137451172,13.327406883239746,13.38370418548584,603788
2014-06-16,13.380741119384766,13.437037467956543,13.303704261779785,13.339259147644043,1238963
2014-06-17,13.33036994934082,13.525925636291504,13.288888931274414,13.499258995056152,1665900
2014-06-18,13.499258995056152,13.638519287109375,13.49036979675293,13.6029634475708,1786050
2014-06-19,13.629630088806152,13.691851615905762,13.576295852661133,13.668148040771484,1620675
2014-06-20,13.66518497467041,13.703703880310059,13.579258918762207,13.617777824401855,2230875
2014-06-23,13.641481399536133,13.653332710266113,13.56740665435791,13.600000381469727,2964938
2014-06-24,13.564443588256836,13.659258842468262,13.496295928955078,13.502222061157227,1222763
2014-06-25,13.540740966796875,13.56740665435791,13.481480598449707,13.52296257019043,1821825
2014-06-26,13.540740966796875,13.549630165100098,13.41333293914795,13.5377779006958,1032750
2014-06-27,13.517037391662598,13.650369644165039,13.517037391662598,13.650369644165039,2736788
2014-06-30,13.647406578063965,13.736295700073242,13.585185050964355,13.721481323242188,2107688
2014-07-01,13.783703804016113,13.9022216796875,13.703703880310059,13.721481323242188,3102300
2014-07-02,13.71851921081543,13.76296329498291,13.632593154907227,13.66518497467041,1028363
2014-07-03,13.671111106872559,13.745184898376465,13.671111106872559,13.745184898376465,644963
2014-07-07,13.745184898376465,13.757037162780762,13.694814682006836,13.745184898376465,1411425
2014-07-08,13.706666946411133,13.751111030578613,13.668148040771484,13.694814682006836,1294988
2014-07-09,13.694814682006836,13.727407455444336,13.647406578063965,13.682963371276855,993600
2014-07-10,13.570369720458984,13.69777774810791,13.499258995056152,13.680000305175781,1183613
2014-07-11,13.674074172973633,13.700740814208984,13.623703956604004,13.668148040771484,807975
2014-07-14,13.727407455444336,13.801481246948242,13.703703880310059,13.74222183227539,860288
2014-07-15,13.777777671813965,13.831110954284668,13.623703956604004,13.647406578063965,1878863
2014-07-16,13.721481323242188,13.730369567871094,13.585185050964355,13.656295776367188,1877175
2014-07-17,13.662221908569336,13.760000228881836,13.520000457763672,13.54370403289795,1097550
2014-07-18,13.576295852661133,13.6029634475708,13.502222061157227,13.591111183166504,1062450
2014-07-21,13.52296257019043,13.549630165100098,13.457777976989746,13.517037391662598,1153575
2014-07-22,13.52296257019043,13.52296257019043,13.389630317687988,13.392593383789062,1782000
2014-07-23,13.404443740844727,13.419259071350098,13.35111141204834,13.4074068069458,1225125
2014-07-24,13.41333293914795,13.431111335754395,13.357036590576172,13.41333293914795,1931513
2014-07-25,13.380741119384766,13.380741119384766,13.259259223937988,13.28592586517334,1819463
2014-07-28,13.300741195678711,13.354073524475098,13.173333168029785,13.25333309173584,2071575
2014-07-29,13.552593231201172,13.768889427185059,13.241480827331543,13.36296272277832,4193775
2014-07-30,13.419259071350098,13.44592571258545,13.131852149963379,13.312593460083008,3055050
2014-07-31,13.244443893432617,13.288888931274414,13.12592601776123,13.217778205871582,2502225
2014-08-01,13.214815139770508,13.271110534667969,13.128889083862305,13.244443893432617,2914988
2014-08-04,13.282962799072266,13.282962799072266,13.140741348266602,13.25333309173584,1935225
2014-08-05,13.256296157836914,13.297778129577637,13.179259300231934,13.268148422241211,2062800
2014-08-06,13.244443893432617,13.359999656677246,13.18814754486084,13.35111141204834,1102275
2014-08-07,13.410369873046875,13.4399995803833,13.297778129577637,13.36296272277832,1753650
2014-08-08,13.327406883239746,13.434074401855469,13.312593460083008,13.425185203552246,1105650
2014-08-11,13.481480598449707,13.52296257019043,13.38370418548584,13.520000457763672,1633838
2014-08-12,13.531851768493652,13.688888549804688,13.502222061157227,13.647406578063965,2412450
2014-08-13,13.66518497467041,13.760000228881836,13.632593154907227,13.745184898376465,1597725
2014-08-14,13.754074096679688,13.9022216796875,13.745184898376465,13.9022216796875,1389150
2014-08-15,13.958518981933594,13.997036933898926,13.854814529418945,13.952592849731445,1341900
2014-08-18,14.017778396606445,14.047407150268555,13.964444160461426,14.017778396606445,1685475
2014-08-19,14.017778396606445,14.0325927734375,13.952592849731445,13.994073867797852,1527188
2014-08-20,13.97925853729248,14.133333206176758,13.946666717529297,14.115555763244629,2028375
2014-08-21,14.103704452514648,14.22518539428711,14.088889122009277,14.195555686950684,1230188
2014-08-22,14.162962913513184,14.207406997680664,14.088889122009277,14.162962913513184,1966613
2014-08-25,14.186667442321777,14.266667366027832,14.15999984741211,14.242962837219238,894038
2014-08-26,14.248888969421387,14.355555534362793,14.239999771118164,14.260741233825684,1501538
2014-08-27,14.248888969421387,14.33481502532959,14.248888969421387,14.311111450195312,1294313
2014-08-28,14.260741233825684,14.331851959228516,14.251852035522461,14.275555610656738,961538
2014-08-29,14.284443855285645,14.355555534362793,14.251852035522461,14.325925827026367,1274400
2014-09-02,14.370369911193848,14.500741004943848,14.331851959228516,14.33481502532959,2194088
2014-09-03,14.343704223632812,14.414814949035645,14.272592544555664,14.278518676757812,1982813
2014-09-04,14.269630432128906,14.43259334564209,14.266667366027832,14.328888893127441,2168775
2014-09-05,14.325925827026367,14.352593421936035,14.25777816772461,14.308148384094238,1223438
2014-09-08,14.28148078918457,14.319999694824219,14.207406997680664,14.305185317993164,1262588
2014-09-09,14.251852035522461,14.266667366027832,14.177778244018555,14.207406997680664,891675
2014-09-10,14.231110572814941,14.317036628723145,14.198518753051758,14.284443855285645,1473863
2014-09-11,14.23703670501709,14.293333053588867,14.198518753051758,14.207406997680664,1323338
2014-09-12,14.210370063781738,14.266667366027832,14.139259338378906,14.20444393157959,2196450
2014-09-15,14.245925903320312,14.426667213439941,14.19259262084961,14.346667289733887,1968300
2014-09-16,14.319999694824219,14.438518524169922,14.296296119689941,14.33481502532959,1789763
2014-09-17,14.28148078918457,14.423704147338867,14.269630432128906,14.308148384094238,920700
2014-09-18,14.340741157531738,14.479999542236328,14.287406921386719,14.420741081237793,1194750
2014-09-19,14.44148063659668,14.45629596710205,14.31407356262207,14.349630355834961,2925450
2014-09-22,14.340741157531738,14.405925750732422,14.23703670501709,14.242962837219238,1500188
2014-09-23,14.20444393157959,14.254815101623535,14.103704452514648,14.124444007873535,1779300
2014-09-24,14.162962913513184,14.296296119689941,14.115555763244629,14.269630432128906,953100
2014-09-25,14.251852035522461,14.260741233825684,14.145185470581055,14.15999984741211,1423238
2014-09-26,14.148147583007812,14.254815101623535,14.091852188110352,14.23703670501709,1069200
2014-09-29,14.145185470581055,14.23703670501709,14.121480941772461,14.201480865478516,1207238
2014-09-30,14.189629554748535,14.222222328186035,14.103704452514648,14.162962913513184,1145813
2014-10-01,14.319999694824219,14.319999694824219,14.130370140075684,14.162962913513184,2717888
2014-10-02,14.148147583007812,14.278518676757812,14.124444007873535,14.216296195983887,1632825
2014-10-03,14.28148078918457,14.482962608337402,14.269630432128906,14.465185165405273,1183950
2014-10-06,14.497777938842773,14.545185089111328,14.394074440002441,14.405925750732422,1300388
2014-10-07,14.370369911193848,14.41185188293457,14.278518676757812,14.28148078918457,1513688
2014-10-08,14.317036628723145,14.438518524169922,14.242962837219238,14.438518524169922,1606163
2014-10-09,14.414814949035645,14.4622220993042,14.171852111816406,14.19259262084961,2065163
2014-10-10,14.189629554748535,14.343704223632812,14.189629554748535,14.189629554748535,1978763
2014-10-13,14.189629554748535,14.317036628723145,14.162962913513184,14.17481517791748,1385775
2014-10-14,14.231110572814941,14.331851959228516,14.165925979614258,14.284443855285645,1255163
2014-10-15,14.103704452514648,14.275555610656738,13.863703727722168,14.22518539428711,2860988
2014-10-16,14.0977783203125,14.124444007873535,13.943703651428223,14.059259414672852,2629125
2014-10-17,14.201480865478516,14.290369987487793,14.0977783203125,14.287406921386719,1050300
2014-10-20,14.248888969421387,14.352593421936035,14.177778244018555,14.352593421936035,1418513
2014-10-21,14.420741081237793,14.71407413482666,14.370369911193848,14.71407413482666,1659488
2014-10-22,14.77629566192627,14.814814567565918,14.580740928649902,14.598519325256348,1530225
2014-10-23,14.728889465332031,14.770369529724121,14.657777786254883,14.717037200927734,1858613
2014-10-24,14.814814567565918,15.108147621154785,14.788147926330566,15.09333324432373,2000700
2014-10-27,15.084444046020508,15.241480827331543,15.042963027954102,15.054815292358398,2707088
2014-10-28,15.149629592895508,15.199999809265137,15.034073829650879,15.063703536987305,3329100
2014-10-29,15.12592601776123,15.149629592895508,14.965926170349121,15.031110763549805,2756025
2014-10-30,15.039999961853027,15.131852149963379,15.031110763549805,15.108147621154785,1975388
2014-10-31,15.247406959533691,15.297778129577637,15.152592658996582,15.271110534667969,3260250
2014-11-03,15.271110534667969,15.33036994934082,15.194073677062988,15.235555648803711,2167425
2014-11-04,15.277036666870117,15.336296081542969,15.229630470275879,15.291851997375488,1704038
2014-11-05,15.348148345947266,15.371851921081543,15.22370433807373,15.312593460083008,2443500
2014-11-06,15.312593460083008,15.324443817138672,15.214815139770508,15.250370025634766,1479600
2014-11-07,15.259259223937988,15.297778129577637,15.185185432434082,15.211852073669434,2934563
2014-11-10,15.18814754486084,15.339259147644043,15.18814754486084,15.244443893432617,1273388
2014-11-11,15.288888931274414,15.303704261779785,15.143704414367676,15.155555725097656,1458338
2014-11-12,15.11111068725586,15.140741348266602,15.072592735290527,15.119999885559082,2304788
2014-11-13,15.149629592895508,15.205925941467285,15.084444046020508,15.185185432434082,1585913
2014-11-14,15.191110610961914,15.238518714904785,15.075555801391602,15.084444046020508,1061775
2014-11-17,15.054815292358398,15.108147621154785,15.02814769744873,15.078518867492676,1728338
2014-11-18,15.096296310424805,15.25333309173584,15.069629669189453,15.164443969726562,1471500
2014-11-19,15.164443969726562,15.185185432434082,15.087407112121582,15.15851879119873,1983825
2014-11-20,15.122962951660156,15.395556449890137,15.117036819458008,15.324443817138672,1741500
2014-11-21,15.4399995803833,15.451851844787598,15.30666732788086,15.36296272277832,1140750
2014-11-24,15.401480674743652,15.472593307495117,15.36296272277832,15.451851844787598,1978088
2014-11-25,15.472593307495117,15.496295928955078,15.377778053283691,15.401480674743652,2927475
2014-11-26,15.431111335754395,15.484443664550781,15.395556449890137,15.472593307495117,900113
2014-11-28,15.475556373596191,15.6355562210083,15.46074104309082,15.478519439697266,520425
2014-12-01,15.466667175292969,15.508148193359375,15.371851921081543,15.377778053283691,1326038
2014-12-02,15.401480674743652,15.54370403289795,15.368888854980469,15.463704109191895,1653413
2014-12-03,15.472593307495117,15.5051851272583,15.416296005249023,15.451851844787598,2044238
2014-12-04,15.475556373596191,15.674074172973633,15.469630241394043,15.674074172973633,1774913
2014-12-05,15.706666946411133,15.757037162780762,15.66518497467041,15.71851921081543,1423238
2014-12-08,15.700740814208984,16.041481018066406,15.700740814208984,15.988147735595703,1890000
2014-12-09,15.976296424865723,15.976296424865723,15.674074172973633,15.828147888183594,4571775
2014-12-10,15.810370445251465,15.866666793823242,15.594074249267578,15.600000381469727,1257188
2014-12-11,15.62074089050293,15.715556144714355,15.540740966796875,15.58814811706543,1717200
2014-12-12,15.481480598449707,15.528888702392578,15.265185356140137,15.312593460083008,1984838
2014-12-15,15.365925788879395,15.42814826965332,15.114073753356934,15.164443969726562,1484663
2014-12-16,14.826666831970215,15.010370254516602,14.734814643859863,14.865184783935547,2441813
2014-12-17,14.927407264709473,15.02814769744873,14.794074058532715,15.007407188415527,2403675
2014-12-18,15.143704414367676,15.22370433807373,15.025184631347656,15.220741271972656,1761413
2014-12-19,15.170370101928711,15.241480827331543,14.948147773742676,14.968889236450195,6809738
2014-12-22,15.025184631347656,15.202962875366211,15.01629638671875,15.108147621154785,1853888
2014-12-23,15.140741348266602,15.368888854980469,15.140741348266602,15.277036666870117,1607850
2014-12-24,15.309630393981934,15.357036590576172,15.235555648803711,15.274073600769043,626063
2014-12-26,15.33036994934082,15.377778053283691,15.247406959533691,15.262222290039062,817763
2014-12-29,15.262222290039062,15.469630241394043,15.256296157836914,15.357036590576172,1372275
2014-12-30,15.359999656677246,15.422222137451172,15.327406883239746,15.371851921081543,1075950
2014-12-31,15.41333293914795,15.419259071350098,15.185185432434082,15.18814754486084,1222763
2015-01-02,15.232592582702637,15.30666732788086,14.962963104248047,15.007407188415527,1689188
2015-01-05,14.942221641540527,14.998518943786621,14.817777633666992,14.87407398223877,1358100
2015-01-06,14.924444198608398,15.001481056213379,14.722963333129883,14.835556030273438,2236275
2015-01-07,14.942221641540527,14.945184707641602,14.731851577758789,14.850370407104492,1814400
2015-01-08,14.900740623474121,15.205925941467285,14.900740623474121,15.167407035827637,2487038
2015-01-09,15.173333168029785,15.22370433807373,15.019259452819824,15.037036895751953,1017563
2015-01-12,15.081480979919434,15.09333324432373,14.835556030273438,14.88888931274414,1091138
2015-01-13,15.013333320617676,15.161480903625488,14.859258651733398,14.918519020080566,2271375
2015-01-14,14.521480560302734,14.737777709960938,14.352593421936035,14.479999542236328,2569050
2015-01-15,14.426667213439941,14.533332824707031,14.3644437789917,14.385185241699219,3357113
2015-01-16,14.394074440002441,14.687406539916992,14.394074440002441,14.619258880615234,3268013
2015-01-20,14.640000343322754,14.66963005065918,14.373332977294922,14.485925674438477,3613275
2015-01-21,14.394074440002441,14.577777862548828,14.311111450195312,14.551111221313477,3016238
2015-01-22,14.660740852355957,14.977778434753418,14.527406692504883,14.974815368652344,2243025
2015-01-23,14.960000038146973,14.974815368652344,14.767407417297363,14.785184860229492,1482638
2015-01-26,14.734814643859863,14.900740623474121,14.64888858795166,14.871110916137695,2049975
2015-01-27,14.773332595825195,14.939258575439453,14.717037200927734,14.847407341003418,1409063
2015-01-28,14.921481132507324,14.957036972045898,14.690369606018066,14.699258804321289,1421550
2015-01-29,14.728889465332031,14.97185230255127,14.666666984558105,14.95111083984375,3047963
2015-01-30,14.81185245513916,14.88888931274414,14.48888874053955,14.515556335449219,2689538
2015-02-02,14.500741004943848,14.702221870422363,14.31407356262207,14.690369606018066,2337188
2015-02-03,14.717037200927734,14.829629898071289,14.645926475524902,14.79111099243164,3247763
2015-02-04,14.385185241699219,14.518519401550293,14.059259414672852,14.340741157531738,8517825
2015-02-05,14.352593421936035,14.672593116760254,14.343704223632812,14.577777862548828,4471875
2015-02-06,14.613332748413086,14.81185245513916,14.595556259155273,14.66963005065918,4681463
2015-02-09,14.622221946716309,14.720000267028809,14.536295890808105,14.705184936523438,2570400
2015-02-10,14.814814567565918,14.814814567565918,14.699258804321289,14.764444351196289,1994288
2015-02-11,14.773332595825195,14.90666675567627,14.752593040466309,14.800000190734863,2499188
2015-02-12,14.844444274902344,14.915555953979492,14.82370376586914,14.871110916137695,1988888
2015-02-13,14.583703994750977,14.903703689575195,14.583703994750977,14.894815444946289,2905538
2015-02-17,14.957036972045898,15.019259452819824,14.865184783935547,14.891852378845215,2164050
2015-02-18,14.862221717834473,14.924444198608398,14.782221794128418,14.900740623474121,2021288
2015-02-19,14.891852378845215,14.891852378845215,14.832592964172363,14.850370407104492,1179900
2015-02-20,14.800000190734863,14.957036972045898,14.764444351196289,14.957036972045898,1561275
2015-02-23,14.918519020080566,14.918519020080566,14.817777633666992,14.862221717834473,2414813
2015-02-24,14.865184783935547,14.900740623474121,14.779258728027344,14.832592964172363,2072250
2015-02-25,14.835556030273438,14.847407341003418,14.785184860229492,14.829629898071289,2204550
2015-02-26,14.835556030273438,15.037036895751953,14.800000190734863,14.918519020080566,2108700
2015-02-27,14.915555953979492,14.933333396911621,14.779258728027344,14.788147926330566,1876163
2015-03-02,14.788147926330566,14.88888931274414,14.717037200927734,14.88888931274414,2519775
2015-03-03,14.826666831970215,14.897777557373047,14.734814643859863,14.862221717834473,1676363
2015-03-04,14.800000190734863,14.865184783935547,14.761481285095215,14.829629898071289,2478600
2015-03-05,14.859258651733398,14.891852378845215,14.797037124633789,14.868147850036621,1275413
2015-03-06,14.814814567565918,14.933333396911621,14.79111099243164,14.882963180541992,1793813
2015-03-09,14.868147850036621,14.924444198608398,14.814814567565918,14.87407398223877,1562963
2015-03-10,14.761481285095215,14.794074058532715,14.628148078918457,14.634074211120605,2256525
2015-03-11,14.651851654052734,14.868147850036621,14.619258880615234,14.868147850036621,1513013
2015-03-12,14.974815368652344,15.197036743164062,14.965926170349121,15.185185432434082,1257525
2015-03-13,15.152592658996582,15.161480903625488,14.915555953979492,14.992592811584473,1168763
2015-03-16,15.084444046020508,15.244443893432617,15.039999961853027,15.217778205871582,1177538
2015-03-17,15.152592658996582,15.191110610961914,15.037036895751953,15.152592658996582,1591650
2015-03-18,15.105184555053711,15.336296081542969,15.04888916015625,15.277036666870117,2083050
2015-03-19,15.247406959533691,15.277036666870117,15.034073829650879,15.078518867492676,2161688
2015-03-20,15.108147621154785,15.256296157836914,15.031110763549805,15.226667404174805,4244738
2015-03-23,15.244443893432617,15.342222213745117,15.238518714904785,15.303704261779785,1208588
2015-03-24,15.297778129577637,15.31851863861084,14.998518943786621,15.045926094055176,3209625
2015-03-25,15.037036895751953,15.119999885559082,14.903703689575195,14.903703689575195,1110375
2015-03-26,14.87407398223877,14.986666679382324,14.79111099243164,14.974815368652344,2001038
2015-03-27,14.968889236450195,14.998518943786621,14.77629566192627,14.90666675567627,2045925
2015-03-30,14.977778434753418,15.22370433807373,14.942221641540527,15.15851879119873,1464413
2015-03-31,15.084444046020508,15.122962951660156,14.927407264709473,14.965926170349121,2186663
2015-04-01,14.853333473205566,15.04888916015625,14.797037124633789,14.87407398223877,2536988
2015-04-02,14.885926246643066,14.974815368652344,14.859258651733398,14.900740623474121,848813
2015-04-06,14.829629898071289,15.045926094055176,14.814814567565918,14.995555877685547,1598738
2015-04-07,15.001481056213379,15.051852226257324,14.794074058532715,14.808889389038086,1392525
2015-04-08,14.808889389038086,14.927407264709473,14.802963256835938,14.865184783935547,1330763
2015-04-09,14.880000114440918,15.010370254516602,14.829629898071289,15.004444122314453,2319638
2015-04-10,15.007407188415527,15.042963027954102,14.900740623474121,14.936296463012695,862650
2015-04-13,14.918519020080566,14.998518943786621,14.903703689575195,14.924444198608398,1178550
2015-04-14,14.948147773742676,15.010370254516602,14.835556030273438,14.933333396911621,1157963
2015-04-15,14.927407264709473,15.045926094055176,14.880000114440918,14.880000114440918,1374300
2015-04-16,14.82370376586914,15.022221565246582,14.820740699768066,15.022221565246582,1324013
2015-04-17,14.942221641540527,14.954073905944824,14.755556106567383,14.871110916137695,1193063
2015-04-20,14.960000038146973,15.045926094055176,14.954073905944824,15.013333320617676,1614263
2015-04-21,15.013333320617676,15.057778358459473,14.728889465332031,14.752593040466309,2238638
2015-04-22,14.74666690826416,14.802963256835938,14.482962608337402,14.61629581451416,2485688
2015-04-23,14.577777862548828,14.749629974365234,14.521480560302734,14.66963005065918,1219388
2015-04-24,14.663703918457031,14.785184860229492,14.595556259155273,14.743703842163086,1043213
2015-04-27,14.779258728027344,14.844444274902344,14.5925931930542,14.717037200927734,1940963
2015-04-28,14.702221870422363,14.850370407104492,14.574814796447754,14.788147926330566,1682100
2015-04-29,14.737777709960938,14.794074058532715,14.548148155212402,14.589630126953125,1980113
2015-04-30,14.533332824707031,14.607406616210938,14.453332901000977,14.515556335449219,2399963
2015-05-01,14.604443550109863,14.666666984558105,14.4948148727417,14.545185089111328,1834313
2015-05-04,14.562962532043457,14.634074211120605,14.551111221313477,14.580740928649902,1240313
2015-05-05,14.545185089111328,14.631111145019531,14.503704071044922,14.551111221313477,1535288
2015-05-06,14.71407413482666,14.820740699768066,14.512593269348145,14.610369682312012,2437425
2015-05-07,14.610369682312012,14.728889465332031,14.548148155212402,14.708148002624512,1586588
2015-05-08,14.820740699768066,14.826666831970215,14.731851577758789,14.808889389038086,1307138
2015-05-11,14.755556106567383,14.81185245513916,14.731851577758789,14.77629566192627,1041863
2015-05-12,14.720000267028809,14.74666690826416,14.598519325256348,14.734814643859863,1322325
2015-05-13,14.761481285095215,14.81185245513916,14.69333267211914,14.749629974365234,1138050
2015-05-14,14.808889389038086,14.844444274902344,14.737777709960938,14.814814567565918,3088800
2015-05-15,14.835556030273438,14.871110916137695,14.720000267028809,14.77629566192627,1149525
2015-05-18,14.77629566192627,14.814814567565918,14.758519172668457,14.802963256835938,1985513
2015-05-19,14.835556030273438,14.891852378845215,14.779258728027344,14.862221717834473,1128938
2015-05-20,14.880000114440918,14.927407264709473,14.802963256835938,14.87407398223877,1043888
2015-05-21,14.826666831970215,14.865184783935547,14.74666690826416,14.755556106567383,1330425
2015-05-22,14.722963333129883,14.779258728027344,14.654814720153809,14.663703918457031,1758713
2015-05-26,14.625185012817383,14.634074211120605,14.491851806640625,14.497777938842773,1782000
2015-05-27,14.500741004943848,14.598519325256348,14.459259033203125,14.589630126953125,1189350
2015-05-28,14.53925895690918,14.595556259155273,14.482962608337402,14.595556259155273,1346625
2015-05-29,14.613332748413086,14.625185012817383,14.45629596710205,14.518519401550293,5630850
2015-06-01,14.5600004196167,14.607406616210938,14.500741004943848,14.568888664245605,1947713
2015-06-02,14.530369758605957,14.767407417297363,14.45629596710205,14.699258804321289,3450263
2015-06-03,14.737777709960938,14.912592887878418,14.699258804321289,14.90666675567627,2557913
2015-06-04,14.835556030273438,14.912592887878418,14.690369606018066,14.71407413482666,1348650
2015-06-05,14.708148002624512,14.838519096374512,14.568888664245605,14.666666984558105,3181613
2015-06-08,14.663703918457031,14.696295738220215,14.551111221313477,14.5600004196167,2092163
2015-06-09,14.545185089111328,14.557037353515625,14.435556411743164,14.444443702697754,1405013
2015-06-10,14.574814796447754,14.921481132507324,14.557037353515625,14.891852378845215,2665913
2015-06-11,14.871110916137695,15.096296310424805,14.734814643859863,15.087407112121582,2078325
2015-06-12,15.039999961853027,15.226667404174805,15.022221565246582,15.20888900756836,2788425
2015-06-15,15.11111068725586,15.22370433807373,15.01629638671875,15.167407035827637,2159663
2015-06-16,15.143704414367676,15.315555572509766,15.057778358459473,15.271110534667969,1342238
2015-06-17,15.312593460083008,15.324443817138672,15.20888900756836,15.247406959533691,1192388
2015-06-18,15.268148422241211,15.552593231201172,15.268148422241211,15.5377779006958,1981800
2015-06-19,15.520000457763672,15.680000305175781,15.457777976989746,15.677037239074707,4365900
2015-06-22,15.751111030578613,15.822221755981445,15.591111183166504,15.611851692199707,2309850
2015-06-23,15.688888549804688,15.771851539611816,15.58814811706543,15.754074096679688,3771900
2015-06-24,15.736295700073242,15.736295700073242,15.617777824401855,15.656295776367188,2616638
2015-06-25,15.668148040771484,15.668148040771484,15.54370403289795,15.55851936340332,3288938
2015-06-26,15.6029634475708,15.671111106872559,15.555556297302246,15.591111183166504,4766850
2015-06-29,15.451851844787598,15.570369720458984,15.312593460083008,15.324443817138672,2153588
2015-06-30,15.469630241394043,15.552593231201172,15.348148345947266,15.386667251586914,2212988
2015-07-01,15.813332557678223,16.331851959228516,15.768889427185059,16.213333129882812,8030475
2015-07-02,16.213333129882812,16.334814071655273,16.106666564941406,16.142221450805664,4583250
2015-07-06,16.017778396606445,16.364444732666016,16.017778396606445,16.334814071655273,3097913
2015-07-07,16.399999618530273,16.63407325744629,16.340740203857422,16.62814712524414,3685838
2015-07-08,16.66370391845703,16.711111068725586,16.548147201538086,16.60444450378418,4090163
2015-07-09,16.568889617919922,16.69629669189453,16.420740127563477,16.438518524169922,4381425
2015-07-10,16.568889617919922,16.690370559692383,16.551111221313477,16.66963005065918,2015213
2015-07-13,16.808889389038086,16.808889389038086,16.586666107177734,16.642963409423828,2453625
2015-07-14,16.62814712524414,16.719999313354492,16.59851837158203,16.66370391845703,2045588
2015-07-15,16.63407325744629,16.660741806030273,16.545185089111328,16.586666107177734,2755688
2015-07-16,16.70222282409668,16.73481559753418,16.592592239379883,16.660741806030273,2680763
2015-07-17,16.660741806030273,16.705184936523438,16.625185012817383,16.69629669189453,1668600
2015-07-20,16.536296844482422,16.577777862548828,16.462221145629883,16.488889694213867,2533613
2015-07-21,16.518518447875977,16.607406616210938,16.35259246826172,16.447406768798828,2071575
2015-07-22,16.485925674438477,16.681480407714844,16.41481590270996,16.672592163085938,1436738
2015-07-23,16.73185157775879,16.7614803314209,16.554073333740234,16.592592239379883,926100
2015-07-24,16.57185173034668,16.722963333129883,16.559999465942383,16.70222282409668,1391850
2015-07-27,16.63407325744629,16.687406539916992,16.50666618347168,16.548147201538086,1599075
2015-07-28,16.077037811279297,16.432592391967773,15.85777759552002,16.239999771118164,2841413
2015-07-29,16.248889923095703,16.527406692504883,16.201480865478516,16.50074005126953,1552838
2015-07-30,16.420740127563477,16.651851654052734,16.420740127563477,16.583703994750977,1570050
2015-07-31,16.63407325744629,16.63407325744629,16.494815826416016,16.50963020324707,1724625
2015-08-03,16.545185089111328,16.559999465942383,16.408889770507812,16.545185089111328,1627088
2015-08-04,16.589630126953125,16.69333267211914,16.453332901000977,16.63703727722168,3037163
2015-08-05,16.66963005065918,16.711111068725586,16.50666618347168,16.639999389648438,1552500
2015-08-06,16.660741806030273,16.672592163085938,16.494815826416016,16.651851654052734,4220775
2015-08-07,16.616296768188477,16.770370483398438,16.60148048400879,16.7614803314209,1436738
2015-08-10,16.844444274902344,16.98666763305664,16.808889389038086,16.939258575439453,1506600
2015-08-11,16.817777633666992,17.0103702545166,16.817777633666992,16.9570369720459,1304775
2015-08-12,16.86222267150879,16.948148727416992,16.722963333129883,16.9244441986084,1223100
2015-08-13,16.906667709350586,17.191110610961914,16.850370407104492,17.117036819458008,1996313
2015-08-14,17.10518455505371,17.27111053466797,17.063703536987305,17.232593536376953,1953450
2015-08-17,17.17629623413086,17.312593460083008,17.037036895751953,17.30666732788086,1551488
2015-08-18,17.291852951049805,17.321481704711914,17.217777252197266,17.244443893432617,1283513
2015-08-19,17.194074630737305,17.24148178100586,17.08148193359375,17.158519744873047,1471838
2015-08-20,17.04888916015625,17.04888916015625,16.779258728027344,16.782222747802734,1758375
2015-08-21,16.645925521850586,16.73185157775879,16.38518524169922,16.38518524169922,1771538
2015-08-24,15.579258918762207,15.878519058227539,15.4074068069458,15.623703956604004,3104325
2015-08-25,15.931852340698242,15.931852340698242,15.389630317687988,15.389630317687988,2188688
2015-08-26,15.700740814208984,15.771851539611816,15.380741119384766,15.703703880310059,2388825
2015-08-27,15.931852340698242,16.165925979614258,15.837037086486816,16.12740707397461,1977413
2015-08-28,16.07111167907715,16.1629638671875,16.03851890563965,16.148147583007812,1676363
2015-08-31,16.118518829345703,16.136295318603516,16.023704528808594,16.082963943481445,1378350
2015-09-01,15.82518482208252,15.917037010192871,15.748147964477539,15.757037162780762,3339563
2015-09-02,15.92296314239502,15.958518981933594,15.641481399536133,15.878519058227539,2015550
2015-09-03,15.95555591583252,16.05925941467285,15.905184745788574,15.964444160461426,1030388
2015-09-04,15.783703804016113,15.837037086486816,15.641481399536133,15.748147964477539,1273388
2015-09-08,15.928889274597168,16.139259338378906,15.917037010192871,16.12444305419922,1425600
2015-09-09,16.213333129882812,16.248889923095703,15.976296424865723,15.988147735595703,2086763
2015-09-10,15.988147735595703,16.12444305419922,15.943703651428223,15.997036933898926,1542038
2015-09-11,15.89037036895752,16.08888816833496,15.845926284790039,16.047407150268555,948375
2015-09-14,16.05629539489746,16.08888816833496,15.9674072265625,15.991110801696777,1286888
2015-09-15,16.03555679321289,16.21925926208496,16.0,16.198518753051758,1162350
2015-09-16,16.148147583007812,16.343704223632812,16.130369186401367,16.325925827026367,1492088
2015-09-17,16.34963035583496,16.497777938842773,16.245925903320312,16.275556564331055,1524150
2015-09-18,16.100740432739258,16.145185470581055,15.952592849731445,15.976296424865723,3295013
2015-09-21,16.077037811279297,16.263704299926758,16.002962112426758,16.136295318603516,1350675
2015-09-22,15.95555591583252,16.09481430053711,15.9022216796875,16.050369262695312,1191038
2015-09-23,16.068147659301758,16.139259338378906,16.0,16.07111167907715,908888
2015-09-24,15.997036933898926,16.12740707397461,15.988147735595703,16.085926055908203,1540350
2015-09-25,16.174814224243164,16.272592544555664,16.0325927734375,16.118518829345703,1781663
2015-09-28,16.074073791503906,16.112592697143555,15.848889350891113,15.881481170654297,1563975
2015-09-29,15.893333435058594,15.994073867797852,15.804444313049316,15.952592849731445,1183613
2015-09-30,16.0977783203125,16.145185470581055,16.014814376831055,16.109630584716797,2718900
2015-10-01,16.118518829345703,16.118518829345703,15.837037086486816,15.997036933898926,2228850
2015-10-02,15.854814529418945,16.0325927734375,15.780740737915039,16.02666664123535,1289588
2015-10-05,16.12444305419922,16.180740356445312,16.011852264404297,16.065185546875,2506613
2015-10-06,16.023704528808594,16.136295318603516,15.9674072265625,16.12740707397461,1782675
2015-10-07,16.21629524230957,16.331851959228516,16.151111602783203,16.266666412353516,1886625
2015-10-08,16.231111526489258,16.512592315673828,16.231111526489258,16.50074005126953,1370250
2015-10-09,16.494815826416016,16.577777862548828,16.438518524169922,16.462221145629883,1309500
2015-10-12,16.44444465637207,16.595556259155273,16.429630279541016,16.542221069335938,812363
2015-10-13,16.48296356201172,16.619258880615234,16.37629508972168,16.37925910949707,1342575
2015-10-14,16.358518600463867,16.41481590270996,16.183704376220703,16.195556640625,866025
2015-10-15,16.28444480895996,16.465185165405273,16.234073638916016,16.465185165405273,1520775
2015-10-16,16.50963020324707,16.711111068725586,16.299259185791016,16.521480560302734,2090475
2015-10-19,16.494815826416016,16.583703994750977,16.456296920776367,16.50666618347168,1006763
2015-10-20,16.545185089111328,16.69333267211914,16.536296844482422,16.595556259155273,1068188
2015-10-21,16.619258880615234,16.657777786254883,16.370370864868164,16.38518524169922,2017913
2015-10-22,16.497777938842773,16.542221069335938,16.328889846801758,16.402963638305664,2541713
2015-10-23,16.48296356201172,16.548147201538086,16.337778091430664,16.438518524169922,1399950
2015-10-26,16.438518524169922,16.53333282470703,16.28740692138672,16.459259033203125,2158988
2015-10-27,16.722963333129883,16.939258575439453,16.266666412353516,16.811851501464844,3060788
2015-10-28,16.8799991607666,16.968889236450195,16.72592544555664,16.912593841552734,1216350
2015-10-29,16.871110916137695,16.939258575439453,16.776296615600586,16.83259391784668,1373963
2015-10-30,16.882963180541992,16.88888931274414,16.53925895690918,16.542221069335938,1597725
2015-11-02,16.58074188232422,16.616296768188477,16.47407341003418,16.559999465942383,2467463
2015-11-03,16.577777862548828,16.577777862548828,16.426666259765625,16.426666259765625,1497150
2015-11-04,16.429630279541016,16.479999542236328,16.275556564331055,16.31703758239746,1064813
2015-11-05,16.325925827026367,16.438518524169922,16.28148078918457,16.41185188293457,1672988
2015-11-06,16.44444465637207,16.471111297607422,16.32296371459961,16.456296920776367,1799888
2015-11-09,16.402963638305664,16.44444465637207,16.21925926208496,16.29037094116211,798525
2015-11-10,16.275556564331055,16.373332977294922,16.19259262084961,16.370370864868164,1044563
2015-11-11,16.397037506103516,16.399999618530273,16.25777816772461,16.31407356262207,2377013
2015-11-12,16.308147430419922,16.31999969482422,15.97925853729248,15.991110801696777,1561275
2015-11-13,15.952592849731445,15.991110801696777,15.798519134521484,15.816295623779297,1505925
2015-11-16,15.780740737915039,15.973333358764648,15.751111030578613,15.970370292663574,2491425
2015-11-17,15.976296424865723,16.002962112426758,15.739258766174316,15.751111030578613,1109363
2015-11-18,15.819258689880371,16.05629539489746,15.751111030578613,16.047407150268555,1262250
2015-11-19,16.029630661010742,16.177778244018555,15.976296424865723,16.145185470581055,1182263
2015-11-20,16.174814224243164,16.22518539428711,16.115556716918945,16.204444885253906,793800
2015-11-23,16.18666648864746,16.494815826416016,16.15703773498535,16.447406768798828,2083388
2015-11-24,16.382221221923828,16.554073333740234,16.305185317993164,16.50963020324707,1748925
2015-11-25,16.50666618347168,16.521480560302734,16.358518600463867,16.491851806640625,1272713
2015-11-27,16.41777801513672,16.518518447875977,16.367406845092773,16.497777938842773,455625
2015-11-30,16.557037353515625,16.583703994750977,16.465185165405273,16.491851806640625,1721925
2015-12-01,16.542221069335938,16.69925880432129,16.530370712280273,16.69925880432129,1049963
2015-12-02,16.722963333129883,16.850370407104492,16.654815673828125,16.776296615600586,1946025
2015-12-03,16.82962989807129,16.930370330810547,16.530370712280273,16.592592239379883,2273400
2015-12-04,16.616296768188477,16.882963180541992,16.616296768188477,16.877037048339844,1036125
2015-12-07,16.85629653930664,16.89481544494629,16.622222900390625,16.687406539916992,1557900
2015-12-08,16.619258880615234,16.675556182861328,16.44148063659668,16.479999542236328,1544400
2015-12-09,16.426666259765625,16.53925895690918,16.174814224243164,16.19259262084961,1004400
2015-12-10,16.19259262084961,16.263704299926758,16.08888816833496,16.168888092041016,1216350
2015-12-11,15.976296424865723,16.151111602783203,15.920000076293945,15.982221603393555,817088
2015-12-14,15.958518981933594,16.171852111816406,15.943703651428223,16.118518829345703,1714500
2015-12-15,16.198518753051758,16.272592544555664,16.029630661010742,16.065185546875,1497488
2015-12-16,16.183704376220703,16.25481414794922,15.914073944091797,16.0977783203125,1322663
2015-12-17,16.085926055908203,16.183704376220703,15.896295547485352,15.908147811889648,1154588
2015-12-18,15.848889350891113,15.875555992126465,15.579258918762207,15.62074089050293,5036175
2015-12-21,15.706666946411133,15.780740737915039,15.514074325561523,15.700740814208984,1583213
2015-12-22,15.739258766174316,15.89037036895752,15.600000381469727,15.816295623779297,1527525
2015-12-23,15.887407302856445,15.931852340698242,15.789629936218262,15.914073944091797,1343250
2015-12-24,16.023704528808594,16.46814727783203,16.002962112426758,16.405925750732422,1673325
2015-12-28,16.38518524169922,16.435556411743164,16.278518676757812,16.423704147338867,1682438
2015-12-29,16.488889694213867,16.63703727722168,16.405925750732422,16.625185012817383,1204200
2015-12-30,16.56592559814453,16.684444427490234,16.512592315673828,16.53925895690918,906188
2015-12-31,16.479999542236328,16.479999542236328,16.22222137451172,16.22222137451172,4686188
2016-01-04,16.047407150268555,16.047407150268555,15.68592643737793,15.792593002319336,2504250
2016-01-05,15.792593002319336,15.961481094360352,15.739258766174316,15.928889274597168,1969988
2016-01-06,15.733332633972168,15.848889350891113,15.632593154907227,15.727407455444336,1391513
2016-01-07,15.46074104309082,15.712593078613281,15.42814826965332,15.46074104309082,4308188
2016-01-08,15.525925636291504,15.597037315368652,15.38370418548584,15.410369873046875,2450250
2016-01-11,15.442962646484375,15.52296257019043,15.131852149963379,15.205925941467285,2221425
2016-01-12,15.297778129577637,15.327406883239746,14.97185230255127,15.072592735290527,3177563
2016-01-13,15.137778282165527,15.185185432434082,14.666666984558105,14.702221870422363,2800238
2016-01-14,14.702221870422363,15.037036895751953,14.702221870422363,14.927407264709473,1726313
2016-01-15,14.731851577758789,14.731851577758789,14.319999694824219,14.589630126953125,3426975
2016-01-19,14.725926399230957,14.725926399230957,14.512593269348145,14.574814796447754,1865700
2016-01-20,14.37925910949707,14.48888874053955,14.085926055908203,14.343704223632812,2125575
2016-01-21,14.5600004196167,14.577777862548828,14.319999694824219,14.340741157531738,2153588
2016-01-22,14.527406692504883,14.628148078918457,14.420741081237793,14.574814796447754,1594688
2016-01-25,14.536295890808105,14.568888664245605,14.195555686950684,14.207406997680664,2500875
2016-01-26,14.260741233825684,14.48888874053955,14.219259262084961,14.394074440002441,1250438
2016-01-27,14.385185241699219,14.55407428741455,14.266667366027832,14.322962760925293,1271025
2016-01-28,14.450369834899902,14.479999542236328,14.317036628723145,14.4622220993042,1790438
2016-01-29,14.524443626403809,14.859258651733398,14.482962608337402,14.859258651733398,2966288
2016-02-01,14.802963256835938,14.992592811584473,14.69333267211914,14.894815444946289,1809000
2016-02-02,14.773332595825195,14.794074058532715,14.5600004196167,14.601481437683105,2747250
2016-02-03,14.234073638916016,15.025184631347656,14.234073638916016,14.965926170349121,4027725
2016-02-04,14.918519020080566,15.096296310424805,14.81185245513916,14.968889236450195,2174175
2016-02-05,14.942221641540527,15.167407035827637,14.942221641540527,15.143704414367676,2326725
2016-02-08,15.007407188415527,15.197036743164062,14.871110916137695,15.164443969726562,2604488
2016-02-09,15.02814769744873,15.30666732788086,15.02814769744873,15.226667404174805,1540688
2016-02-10,15.274073600769043,15.41333293914795,15.191110610961914,15.202962875366211,1659150
2016-02-11,14.918519020080566,15.042963027954102,14.859258651733398,14.921481132507324,2731725
2016-02-12,15.013333320617676,15.33036994934082,15.013333320617676,15.226667404174805,1472513
2016-02-16,15.386667251586914,15.434074401855469,15.202962875366211,15.35111141204834,1926788
2016-02-17,15.404443740844727,15.42814826965332,15.297778129577637,15.357036590576172,1343588
2016-02-18,15.371851921081543,15.478519439697266,15.25333309173584,15.457777976989746,1580175
2016-02-19,15.377778053283691,15.534814834594727,15.359999656677246,15.4074068069458,1554525
2016-02-22,15.502222061157227,15.555556297302246,15.392593383789062,15.44592571258545,779625
2016-02-23,15.416296005249023,15.466667175292969,15.279999732971191,15.30666732788086,879188
2016-02-24,15.211852073669434,15.333333015441895,15.119999885559082,15.303704261779785,969975
2016-02-25,15.342222213745117,15.466667175292969,15.342222213745117,15.419259071350098,781650
2016-02-26,15.487406730651855,15.508148193359375,15.348148345947266,15.466667175292969,1699650
2016-02-29,15.454814910888672,15.49036979675293,15.259259223937988,15.259259223937988,1697963
2016-03-01,15.357036590576172,15.58814811706543,15.300741195678711,15.549630165100098,1599075
2016-03-02,15.496295928955078,15.715556144714355,15.472593307495117,15.709630012512207,1276088
2016-03-03,15.71851921081543,15.783703804016113,15.668148040771484,15.76296329498291,885263
2016-03-04,15.745184898376465,15.777777671813965,15.632593154907227,15.709630012512207,1306125
2016-03-07,15.638519287109375,15.691851615905762,15.508148193359375,15.632593154907227,1177538
2016-03-08,15.564443588256836,15.570369720458984,15.466667175292969,15.555556297302246,1077975
2016-03-09,15.6355562210083,15.6355562210083,15.437037467956543,15.466667175292969,874463
2016-03-10,15.493332862854004,15.585185050964355,15.312593460083008,15.475556373596191,864338
2016-03-11,15.555556297302246,15.831110954284668,15.496295928955078,15.816295623779297,946350
2016-03-14,15.810370445251465,15.911110877990723,15.745184898376465,15.866666793823242,1396913
2016-03-15,15.760000228881836,15.946666717529297,15.730369567871094,15.893333435058594,1074600
2016-03-16,15.854814529418945,15.893333435058594,15.754074096679688,15.798519134521484,1127925
2016-03-17,15.822221755981445,16.204444885253906,15.780740737915039,16.148147583007812,1941638
2016-03-18,16.12444305419922,16.29037094116211,16.047407150268555,16.22222137451172,2524500
2016-03-21,16.168888092041016,16.21925926208496,16.06222152709961,16.10370445251465,888300
2016-03-22,16.109630584716797,16.293333053588867,16.065185546875,16.201480865478516,1316925
2016-03-23,16.201480865478516,16.245925903320312,16.068147659301758,16.115556716918945,827888
2016-03-24,15.985184669494629,16.079999923706055,15.869629859924316,15.95555591583252,1547775
2016-03-28,15.715556144714355,16.168888092041016,15.62074089050293,16.139259338378906,1091138
2016-03-29,16.12740707397461,16.34666633605957,16.12740707397461,16.337778091430664,1724288
2016-03-30,16.420740127563477,16.719999313354492,16.367406845092773,16.63703727722168,2672663
2016-03-31,16.592592239379883,16.749629974365234,16.554073333740234,16.651851654052734,2737800
2016-04-01,16.559999465942383,16.82666778564453,16.512592315673828,16.811851501464844,1944338
2016-04-04,16.82666778564453,16.838518142700195,16.610370635986328,16.690370559692383,830588
2016-04-05,16.577777862548828,16.66963005065918,16.471111297607422,16.524444580078125,1498500
2016-04-06,16.524444580078125,16.548147201538086,16.391111373901367,16.512592315673828,1287563
2016-04-07,16.382221221923828,16.57481575012207,16.35259246826172,16.41481590270996,2284875
2016-04-08,16.518518447875977,16.59851837158203,16.358518600463867,16.420740127563477,901800
2016-04-11,16.465185165405273,16.521480560302734,16.31999969482422,16.34963035583496,665888
2016-04-12,16.34963035583496,16.62814712524414,16.22222137451172,16.622222900390625,1435388
2016-04-13,16.70222282409668,16.749629974365234,16.53925895690918,16.749629974365234,737100
2016-04-14,16.719999313354492,16.7614803314209,16.548147201538086,16.583703994750977,1052663
2016-04-15,16.607406616210938,16.782222747802734,16.559999465942383,16.708147048950195,1188338
2016-04-18,16.69629669189453,16.82370376586914,16.66370391845703,16.82370376586914,1101938
2016-04-19,16.8592586517334,16.8918514251709,16.749629974365234,16.817777633666992,953438
2016-04-20,16.808889389038086,16.900741577148438,16.70222282409668,16.85333251953125,920025
2016-04-21,16.73481559753418,16.8592586517334,16.35259246826172,16.35555648803711,2678738
2016-04-22,16.367406845092773,16.619258880615234,16.358518600463867,16.616296768188477,2045925
2016-04-25,16.57481575012207,16.619258880615234,16.44444465637207,16.548147201538086,1668263
2016-04-26,16.56592559814453,16.72592544555664,16.545185089111328,16.690370559692383,1316250
2016-04-27,16.8918514251709,16.98370361328125,16.59851837158203,16.868148803710938,2709113
2016-04-28,16.719999313354492,16.770370483398438,16.554073333740234,16.592592239379883,5018963
2016-04-29,16.63111114501953,16.642963409423828,16.456296920776367,16.592592239379883,2019600
2016-05-02,16.619258880615234,16.767406463623047,16.542221069335938,16.589630126953125,2522138
2016-05-03,16.51555633544922,16.592592239379883,16.429630279541016,16.497777938842773,2594025
2016-05-04,16.423704147338867,16.462221145629883,16.28148078918457,16.358518600463867,3014213
2016-05-05,16.44148063659668,16.497777938842773,16.296295166015625,16.37925910949707,2927475
2016-05-06,16.34666633605957,16.382221221923828,16.228147506713867,16.28740692138672,1931850
2016-05-09,16.293333053588867,16.35555648803711,16.165925979614258,16.31999969482422,2027363
2016-05-10,16.438518524169922,16.586666107177734,16.29037094116211,16.577777862548828,1407713
2016-05-11,16.50666618347168,16.666667938232422,16.50666618347168,16.551111221313477,1194075
2016-05-12,16.57185173034668,16.711111068725586,16.50666618347168,16.684444427490234,1272713
2016-05-13,16.66370391845703,16.72592544555664,16.53925895690918,16.625185012817383,1508963
2016-05-16,16.586666107177734,16.70222282409668,16.548147201538086,16.651851654052734,1016888
2016-05-17,16.639999389648438,16.678518295288086,16.343704223632812,16.405925750732422,1213988
2016-05-18,16.34666633605957,16.705184936523438,16.340740203857422,16.607406616210938,1413113
2016-05-19,16.51555633544922,16.545185089111328,16.331851959228516,16.503704071044922,822488
2016-05-20,16.50963020324707,16.672592163085938,16.48296356201172,16.60148048400879,1334138
2016-05-23,16.583703994750977,16.592592239379883,16.423704147338867,16.497777938842773,1016213
2016-05-24,16.592592239379883,16.76444435119629,16.48296356201172,16.73185157775879,1128938
2016-05-25,16.73481559753418,16.79703712463379,16.70222282409668,16.740741729736328,1465088
2016-05-26,16.740741729736328,16.743703842163086,16.622222900390625,16.645925521850586,1430325
2016-05-27,16.681480407714844,16.814815521240234,16.681480407714844,16.79703712463379,802238
2016-05-31,16.817777633666992,16.974815368652344,16.782222747802734,16.897777557373047,2329088
2016-06-01,16.82370376586914,16.915555953979492,16.743703842163086,16.909629821777344,985838
2016-06-02,16.8799991607666,17.004444122314453,16.83259391784668,16.921480178833008,844088
2016-06-03,16.82370376586914,16.85629653930664,16.63703727722168,16.746667861938477,1421213
2016-06-06,16.7614803314209,16.817777633666992,16.660741806030273,16.69333267211914,1037138
2016-06-07,16.722963333129883,16.72592544555664,16.610370635986328,16.681480407714844,856913
2016-06-08,16.657777786254883,16.740741729736328,16.63111114501953,16.711111068725586,971325
2016-06-09,16.675556182861328,16.743703842163086,16.59851837158203,16.722963333129883,450225
2016-06-10,16.610370635986328,16.687406539916992,16.542221069335938,16.622222900390625,634838
2016-06-13,16.53925895690918,16.586666107177734,16.423704147338867,16.453332901000977,1612575
2016-06-14,16.394073486328125,16.50666618347168,16.394073486328125,16.447406768798828,897075
2016-06-15,16.47703742980957,16.47703742980957,16.31407356262207,16.328889846801758,1000350
2016-06-16,16.237037658691406,16.530370712280273,16.22222137451172,16.524444580078125,998663
2016-06-17,16.518518447875977,16.592592239379883,16.453332901000977,16.56592559814453,2292638
2016-06-20,16.678518295288086,16.782222747802734,16.542221069335938,16.551111221313477,1399950
2016-06-21,16.551111221313477,16.69925880432129,16.530370712280273,16.625185012817383,1116788
2016-06-22,16.66370391845703,16.749629974365234,16.648889541625977,16.684444427490234,1401300
2016-06-23,16.841480255126953,17.031110763549805,16.841480255126953,17.004444122314453,1226138
2016-06-24,16.456296920776367,16.737777709960938,16.405925750732422,16.554073333740234,2151563
2016-06-27,16.41777801513672,16.41777801513672,16.207406997680664,16.31407356262207,2444850
2016-06-28,16.462221145629883,16.737777709960938,16.394073486328125,16.737777709960938,1641600
2016-06-29,16.868148803710938,17.099258422851562,16.868148803710938,17.084444046020508,1574438
2016-06-30,17.1200008392334,17.757036209106445,17.051851272583008,17.754074096679688,3592013
2016-07-01,17.706666946411133,17.801481246948242,17.55851936340332,17.641481399536133,2091825
2016-07-05,17.51703643798828,17.52296257019043,17.354074478149414,17.404443740844727,1763438
2016-07-06,17.324443817138672,17.487407684326172,17.30666732788086,17.43407440185547,1746225
2016-07-07,17.46666717529297,17.600000381469727,17.30370330810547,17.37185287475586,910238
2016-07-08,17.48444366455078,17.579259872436523,17.43407440185547,17.534814834594727,1029375
2016-07-11,17.573333740234375,17.691852569580078,17.540740966796875,17.65036964416504,1051650
2016-07-12,17.706666946411133,17.77777862548828,17.594074249267578,17.600000381469727,1210950
2016-07-13,17.605926513671875,17.68592643737793,17.58222198486328,17.608888626098633,761738
2016-07-14,17.706666946411133,17.771852493286133,17.617778778076172,17.626667022705078,1063800
2016-07-15,17.629629135131836,17.656295776367188,17.53185272216797,17.55851936340332,954788
2016-07-18,17.55851936340332,17.576295852661133,17.451852798461914,17.463703155517578,1343250
2016-07-19,17.36296272277832,17.422222137451172,17.226667404174805,17.357036590576172,1123538
2016-07-20,17.36592674255371,17.463703155517578,17.333332061767578,17.333332061767578,636525
2016-07-21,17.318519592285156,17.345184326171875,17.23555564880371,17.282962799072266,873113
2016-07-22,17.288888931274414,17.508148193359375,17.288888931274414,17.469629287719727,966263
2016-07-25,17.431110382080078,17.46666717529297,17.312593460083008,17.324443817138672,1406025
2016-07-26,17.386667251586914,17.605926513671875,17.324443817138672,17.40148162841797,1600763
2016-07-27,17.392593383789062,17.46074104309082,17.256296157836914,17.294815063476562,1076288
2016-07-28,17.24148178100586,17.46074104309082,17.069629669189453,17.380741119384766,1489050
2016-07-29,17.327407836914062,17.36296272277832,17.2385196685791,17.24148178100586,1836000
2016-08-01,16.88592529296875,17.327407836914062,16.88592529296875,17.223703384399414,1154250
2016-08-02,17.211851119995117,17.262222290039062,17.14370346069336,17.223703384399414,1339538
2016-08-03,17.220741271972656,17.327407836914062,17.214815139770508,17.321481704711914,956138
2016-08-04,17.321481704711914,17.42814826965332,17.24148178100586,17.253332138061523,623025
2016-08-05,17.33036994934082,17.42814826965332,17.291852951049805,17.42814826965332,648675
2016-08-08,17.42814826965332,17.475555419921875,17.39555549621582,17.472593307495117,686138
2016-08-09,17.475555419921875,17.502222061157227,17.374814987182617,17.392593383789062,626400
2016-08-10,17.39851951599121,17.410369873046875,17.309629440307617,17.333332061767578,613913
2016-08-11,17.351110458374023,17.37185287475586,17.26814842224121,17.27407455444336,459000
2016-08-12,17.229629516601562,17.291852951049805,17.200000762939453,17.223703384399414,366188
2016-08-15,17.2385196685791,17.30074119567871,17.211851119995117,17.29777717590332,864000
2016-08-16,17.2385196685791,17.30666732788086,17.182222366333008,17.182222366333008,835313
2016-08-17,17.161481857299805,17.214815139770508,17.069629669189453,17.164443969726562,1352025
2016-08-18,17.17629623413086,17.333332061767578,17.17629623413086,17.333332061767578,1146150
2016-08-19,17.226667404174805,17.348148345947266,17.17333221435547,17.339258193969727,1296000
2016-08-22,17.285926818847656,17.40148162841797,17.229629516601562,17.40148162841797,651038
2016-08-23,17.431110382080078,17.457778930664062,17.229629516601562,17.256296157836914,1207575
2016-08-24,17.244443893432617,17.33629608154297,17.217777252197266,17.291852951049805,870750
2016-08-25,17.277036666870117,17.42814826965332,17.26814842224121,17.377777099609375,1196438
2016-08-26,17.407407760620117,17.481481552124023,17.1525936126709,17.259258270263672,1647000
2016-08-29,17.294815063476562,17.463703155517578,17.294815063476562,17.386667251586914,850838
2016-08-30,17.41925811767578,17.49036979675293,17.348148345947266,17.413333892822266,2222438
2016-08-31,17.445926666259766,17.71259307861328,17.445926666259766,17.591110229492188,2691225
2016-09-01,17.55555534362793,17.635555267333984,17.360000610351562,17.36592674255371,1721250
2016-09-02,17.413333892822266,17.475555419921875,17.342222213745117,17.42814826965332,1330088
2016-09-06,17.431110382080078,17.472593307495117,17.315555572509766,17.333332061767578,1152225
2016-09-07,17.33036994934082,17.422222137451172,17.250370025634766,17.404443740844727,1271025
2016-09-08,17.39555549621582,17.404443740844727,17.26814842224121,17.277036666870117,924413
2016-09-09,17.179258346557617,17.2385196685791,16.89481544494629,16.900741577148438,1596375
2016-09-12,16.814815521240234,17.214815139770508,16.755556106567383,17.194074630737305,1660838
2016-09-13,16.9896297454834,17.078519821166992,16.939258575439453,17.0103702545166,1337175
2016-09-14,17.01333236694336,17.066667556762695,16.8799991607666,16.906667709350586,1464413
2016-09-15,16.906667709350586,17.0548152923584,16.82370376586914,16.98370361328125,1320300
2016-09-16,16.75851821899414,16.808889389038086,16.62814712524414,16.687406539916992,2593350
2016-09-19,16.749629974365234,16.948148727416992,16.73185157775879,16.930370330810547,1724963
2016-09-20,17.01333236694336,17.134815216064453,17.0103702545166,17.037036895751953,1360125
2016-09-21,17.078519821166992,17.182222366333008,16.99259376525879,17.161481857299805,1456988
2016-09-22,17.223703384399414,17.36888885498047,17.211851119995117,17.351110458374023,1127925
2016-09-23,17.253332138061523,17.321481704711914,17.051851272583008,17.051851272583008,1610550
2016-09-26,16.995555877685547,17.0103702545166,16.927406311035156,16.939258575439453,1415138
2016-09-27,16.9570369720459,17.155555725097656,16.906667709350586,17.1525936126709,1094850
2016-09-28,17.188148498535156,17.30074119567871,17.090370178222656,17.291852951049805,882900
2016-09-29,17.214815139770508,17.23555564880371,17.00740623474121,17.0429630279541,1673663
2016-09-30,17.08148193359375,17.164443969726562,17.0548152923584,17.11407470703125,1487700
2016-10-03,17.025184631347656,17.069629669189453,16.903703689575195,17.019258499145508,1937588
2016-10-04,16.971851348876953,17.093332290649414,16.88888931274414,17.057777404785156,1824525
2016-10-05,17.17037010192871,17.2059268951416,17.0222225189209,17.069629669189453,1689188
2016-10-06,17.0548152923584,17.11111068725586,16.962963104248047,17.08148193359375,915300
2016-10-07,17.084444046020508,17.217777252197266,17.057777404785156,17.08148193359375,1607513
2016-10-10,17.149629592895508,17.277036666870117,17.13777732849121,17.158519744873047,713813
2016-10-11,17.1081485748291,17.182222366333008,16.9570369720459,17.034074783325195,808650
2016-10-12,17.0755558013916,17.282962799072266,16.998519897460938,17.2385196685791,532238
2016-10-13,17.17629623413086,17.259258270263672,17.1525936126709,17.179258346557617,890325
2016-10-14,17.291852951049805,17.380741119384766,17.259258270263672,17.312593460083008,678038
2016-10-17,17.321481704711914,17.392593383789062,17.26518440246582,17.277036666870117,790088
2016-10-18,17.448888778686523,17.46074104309082,17.182222366333008,17.20296287536621,1380713
2016-10-19,17.30074119567871,17.30074119567871,17.185184478759766,17.229629516601562,693563
2016-10-20,17.179258346557617,17.179258346557617,16.73185157775879,16.749629974365234,1513350
2016-10-21,16.66963005065918,16.69333267211914,16.503704071044922,16.551111221313477,1044900
2016-10-24,16.717037200927734,16.717037200927734,16.53333282470703,16.586666107177734,997988
2016-10-25,16.559999465942383,16.586666107177734,16.459259033203125,16.542221069335938,1123875
2016-10-26,16.717037200927734,17.117036819458008,16.70222282409668,16.968889236450195,2016225
2016-10-27,17.040000915527344,17.04888916015625,16.719999313354492,16.749629974365234,1181250
2016-10-28,16.79703712463379,16.9896297454834,16.72592544555664,16.811851501464844,793463
2016-10-31,16.909629821777344,16.95407485961914,16.82666778564453,16.91851806640625,1145138
2016-11-01,16.968889236450195,16.968889236450195,16.586666107177734,16.675556182861328,1185300
2016-11-02,16.616296768188477,16.737777709960938,16.595556259155273,16.610370635986328,1412438
2016-11-03,16.660741806030273,16.767406463623047,16.59851837158203,16.678518295288086,1264950
2016-11-04,16.66963005065918,16.75851821899414,16.586666107177734,16.592592239379883,1791450
2016-11-07,16.79111099243164,16.79111099243164,16.568889617919922,16.708147048950195,2141775
2016-11-08,16.684444427490234,16.959999084472656,16.66963005065918,16.897777557373047,929138
2016-11-09,16.921480178833008,16.998519897460938,16.645925521850586,16.868148803710938,1858275
2016-11-10,16.971851348876953,17.057777404785156,16.9244441986084,16.980741500854492,2762775
2016-11-11,16.89481544494629,17.380741119384766,16.882963180541992,17.377777099609375,2484338
2016-11-14,17.39851951599121,17.641481399536133,17.392593383789062,17.58518409729004,991575
2016-11-15,17.345184326171875,17.51703643798828,17.229629516601562,17.463703155517578,1521113
2016-11-16,17.39555549621582,17.573333740234375,17.333332061767578,17.543703079223633,2136038
2016-11-17,17.576295852661133,17.87851905822754,17.49036979675293,17.822221755981445,1682775
2016-11-18,17.771852493286133,18.00592613220215,17.668148040771484,18.002962112426758,1417838
2016-11-21,17.997037887573242,18.077037811279297,17.828147888183594,18.0,898763
2016-11-22,18.085926055908203,18.18666648864746,17.970369338989258,18.151111602783203,1635863
2016-11-23,18.18666648864746,18.245925903320312,18.136295318603516,18.237037658691406,791438
2016-11-25,18.245925903320312,18.382221221923828,18.245925903320312,18.382221221923828,467438
2016-11-28,18.328889846801758,18.41481590270996,18.302221298217773,18.358518600463867,1351013
2016-11-29,18.340740203857422,18.435556411743164,18.25777816772461,18.429630279541016,1156613
2016-11-30,18.488889694213867,18.562963485717773,18.28148078918457,18.308147430419922,2443163
2016-12-01,18.38518524169922,18.586666107177734,18.35259246826172,18.471111297607422,1342913
2016-12-02,18.465185165405273,18.50666618347168,18.305185317993164,18.47407341003418,1296338
2016-12-05,18.527406692504883,18.562963485717773,18.462221145629883,18.542221069335938,833625
2016-12-06,18.622222900390625,18.805925369262695,18.583703994750977,18.802963256835938,1066163
2016-12-07,18.811851501464844,18.962963104248047,18.811851501464844,18.959999084472656,971663
2016-12-08,18.99259376525879,19.223703384399414,18.9244441986084,19.194074630737305,1244700
2016-12-09,19.188148498535156,19.280000686645508,19.084444046020508,19.26518440246582,921375
2016-12-12,19.282962799072266,19.573333740234375,19.282962799072266,19.55555534362793,1103288
2016-12-13,19.602962493896484,19.674074172973633,19.42814826965332,19.573333740234375,1059413
2016-12-14,19.62074089050293,19.688888549804688,19.351110458374023,19.416296005249023,991575
2016-12-15,19.410369873046875,19.64740753173828,19.374814987182617,19.54962921142578,1162688
2016-12-16,19.55851936340332,19.825185775756836,19.422222137451172,19.469629287719727,3799575
2016-12-19,19.54962921142578,19.739259719848633,19.508148193359375,19.58814811706543,1808663
2016-12-20,19.600000381469727,19.700740814208984,19.567407608032227,19.68592643737793,1729013
2016-12-21,19.68592643737793,19.819259643554688,19.64444351196289,19.768888473510742,835313
2016-12-22,19.751110076904297,19.822221755981445,19.668148040771484,19.77777862548828,704700
2016-12-23,19.786666870117188,19.786666870117188,19.697778701782227,19.757036209106445,730013
2016-12-27,19.77777862548828,19.804443359375,19.703704833984375,19.721481323242188,965925
2016-12-28,19.771852493286133,19.771852493286133,19.600000381469727,19.674074172973633,1556213
2016-12-29,19.674074172973633,19.789630889892578,19.62370491027832,19.74814796447754,1187325
2016-12-30,19.78074073791504,19.816295623779297,19.638519287109375,19.706666946411133,1211963
2017-01-03,19.792593002319336,19.792593002319336,19.600000381469727,19.760000228881836,1158975
2017-01-04,19.762962341308594,20.106666564941406,19.762962341308594,20.047407150268555,1491413
2017-01-05,20.07111167907715,20.079999923706055,19.851852416992188,19.949630737304688,1129613
2017-01-06,19.958518981933594,19.982221603393555,19.834074020385742,19.87259292602539,938925
2017-01-09,19.87555694580078,19.87555694580078,19.546667098999023,19.546667098999023,1090463
2017-01-10,19.61481475830078,19.917036056518555,19.546667098999023,19.825185775756836,1364513
2017-01-11,19.804443359375,19.955556869506836,19.721481323242188,19.91111183166504,986175
2017-01-12,19.822221755981445,19.90814781188965,19.528888702392578,19.77777862548828,1297350
2017-01-13,19.84000015258789,20.023704528808594,19.801481246948242,19.887407302856445,969638
2017-01-17,20.011852264404297,20.05925941467285,19.77777862548828,19.884443283081055,1644638
2017-01-18,19.970369338989258,20.130369186401367,19.848888397216797,19.9022216796875,1910588
2017-01-19,19.958518981933594,20.050369262695312,19.77481460571289,19.890369415283203,1263263
2017-01-20,19.93777847290039,20.0,19.765926361083984,19.795555114746094,953438
2017-01-23,19.795555114746094,19.87555694580078,19.703704833984375,19.771852493286133,658125
2017-01-24,19.822221755981445,20.07111167907715,19.822221755981445,19.949630737304688,1532250
2017-01-25,20.03555679321289,20.201480865478516,19.991111755371094,20.023704528808594,1396238
2017-01-26,20.05925941467285,20.15703773498535,20.002962112426758,20.130369186401367,739125
2017-01-27,20.118518829345703,20.130369186401367,20.0,20.08888816833496,695588
2017-01-30,19.946666717529297,20.07111167907715,19.87555694580078,19.94074058532715,1398263
2017-01-31,19.9674072265625,20.03851890563965,19.71851921081543,19.914073944091797,2124900
2017-02-01,19.97333335876465,20.15407371520996,19.656295776367188,19.881481170654297,1953788
2017-02-02,19.952592849731445,20.12740707397461,19.934814453125,20.08888816833496,1471163
2017-02-03,20.207406997680664,20.245925903320312,20.085926055908203,20.109630584716797,1129950
2017-02-06,20.133333206176758,20.237037658691406,20.050369262695312,20.139259338378906,1793138
2017-02-07,20.174814224243164,20.28740692138672,20.118518829345703,20.15407371520996,1183950
2017-02-08,20.112592697143555,20.15703773498535,20.00592613220215,20.047407150268555,1549800
2017-02-09,20.10370445251465,20.242963790893555,20.065185546875,20.231111526489258,951750
2017-02-10,20.245925903320312,20.31407356262207,20.100740432739258,20.231111526489258,1240313
2017-02-13,20.242963790893555,20.337778091430664,20.198518753051758,20.331851959228516,883238
2017-02-14,20.28148078918457,20.50074005126953,20.263704299926758,20.479999542236328,921713
2017-02-15,20.48296356201172,20.73481559753418,20.432592391967773,20.72888946533203,1363163
2017-02-16,20.740741729736328,21.004444122314453,20.705184936523438,20.965925216674805,1903500
2017-02-17,20.921480178833008,20.921480178833008,20.7614803314209,20.906667709350586,867375
2017-02-21,20.912593841552734,21.01333236694336,20.850370407104492,20.95407485961914,981788
2017-02-22,20.927406311035156,21.149629592895508,20.838518142700195,21.08148193359375,1398938
2017-02-23,21.1525936126709,21.23555564880371,21.04592514038086,21.20296287536621,944325
2017-02-24,21.11407470703125,21.2385196685791,21.11111068725586,21.191110610961914,823163
2017-02-27,21.16740608215332,21.185184478759766,20.942222595214844,21.001480102539062,1710450
2017-02-28,20.936296463012695,21.134815216064453,20.871110916137695,21.0429630279541,2341913
2017-03-01,21.220741271972656,21.49925994873047,21.217777252197266,21.37185287475586,1925100
2017-03-02,21.342222213745117,21.342222213745117,21.019258499145508,21.040000915527344,1332113
2017-03-03,21.01333236694336,21.099258422851562,20.909629821777344,21.078519821166992,802913
2017-03-06,20.9570369720459,21.10518455505371,20.95407485961914,21.0222225189209,852525
2017-03-07,21.019258499145508,21.10518455505371,20.921480178833008,21.078519821166992,845438
2017-03-08,21.063703536987305,21.16740608215332,20.99259376525879,21.072593688964844,1513688
2017-03-09,21.072593688964844,21.232593536376953,21.072593688964844,21.232593536376953,1357088
2017-03-10,21.26518440246582,21.404443740844727,21.232593536376953,21.380741119384766,1373288
2017-03-13,21.327407836914062,21.52592658996582,21.321481704711914,21.520000457763672,1399275
2017-03-14,21.454814910888672,21.564443588256836,21.42814826965332,21.475555419921875,1002038
2017-03-15,21.54962921142578,21.656295776367188,21.496295928955078,21.62370491027832,1203525
2017-03-16,21.638519287109375,21.68000030517578,21.41925811767578,21.49925994873047,1058063
2017-03-17,21.40148162841797,21.570369720458984,21.288888931274414,21.537778854370117,3227175
2017-03-20,21.505184173583984,21.505184173583984,21.36592674255371,21.383703231811523,1041863
2017-03-21,21.505184173583984,21.505184173583984,21.1081485748291,21.161481857299805,1294650
2017-03-22,21.14370346069336,21.14370346069336,20.95407485961914,20.98666763305664,1256175
2017-03-23,20.980741500854492,21.2059268951416,20.8592586517334,21.019258499145508,702000
2017-03-24,21.0429630279541,21.099258422851562,20.82370376586914,20.865184783935547,761063
2017-03-27,20.705184936523438,20.968889236450195,20.50963020324707,20.959999084472656,1374638
2017-03-28,20.91851806640625,21.057777404785156,20.85333251953125,21.01333236694336,1112400
2017-03-29,20.927406311035156,20.98370361328125,20.752592086791992,20.770370483398438,880875
2017-03-30,20.75851821899414,20.965925216674805,20.746667861938477,20.9570369720459,927788
2017-03-31,20.844444274902344,21.019258499145508,20.841480255126953,20.927406311035156,1451250
2017-04-03,20.909629821777344,21.025184631347656,20.610370635986328,20.645925521850586,1407038
2017-04-04,20.651851654052734,20.86222267150879,20.47407341003418,20.79111099243164,1714500
2017-04-05,20.844444274902344,20.971851348876953,20.595556259155273,20.60148048400879,1260563
2017-04-06,20.595556259155273,20.690370559692383,20.459259033203125,20.497777938842773,1127588
2017-04-07,20.44444465637207,20.47703742980957,20.272592544555664,20.334814071655273,2018925
2017-04-10,20.331851959228516,20.503704071044922,20.328889846801758,20.471111297607422,1016888
2017-04-11,20.420740127563477,20.518518447875977,20.31703758239746,20.50074005126953,896063
2017-04-12,20.44444465637207,20.44444465637207,20.263704299926758,20.308147430419922,611550
2017-04-13,20.305185317993164,20.311111450195312,20.145185470581055,20.145185470581055,954788
2017-04-17,20.139259338378906,20.44148063659668,20.12444305419922,20.435556411743164,1208925
2017-04-18,20.37629508972168,20.420740127563477,20.269630432128906,20.370370864868164,956138
2017-04-19,20.41777801513672,20.453332901000977,20.207406997680664,20.269630432128906,842063
2017-04-20,20.337778091430664,20.337778091430664,20.19259262084961,20.21925926208496,1713488
2017-04-21,20.22518539428711,20.228147506713867,20.12444305419922,20.151111602783203,1193063
2017-04-24,20.37629508972168,20.435556411743164,20.278518676757812,20.405925750732422,1415813
2017-04-25,20.408889770507812,20.41481590270996,20.118518829345703,20.210369110107422,2527875
2017-04-26,20.165925979614258,20.47703742980957,20.165925979614258,20.293333053588867,2302763
2017-04-27,20.311111450195312,20.38518524169922,20.195556640625,20.31703758239746,1659825
2017-04-28,20.343704223632812,20.343704223632812,20.12740707397461,20.142221450805664,1367888
2017-05-01,20.15999984741211,20.171852111816406,20.041481018066406,20.106666564941406,946350
2017-05-02,20.112592697143555,20.18666648864746,19.90518569946289,19.988147735595703,1073925
2017-05-03,19.958518981933594,20.082963943481445,19.89629554748535,19.997037887573242,768825
2017-05-04,20.079999923706055,20.15703773498535,19.851852416992188,20.03555679321289,2798550
2017-05-05,20.05925941467285,20.05925941467285,19.914073944091797,20.0,927450
2017-05-08,19.97333335876465,20.020740509033203,19.760000228881836,19.795555114746094,1384763
2017-05-09,19.795555114746094,19.795555114746094,19.475555419921875,19.49925994873047,1630125
2017-05-10,19.496295928955078,19.700740814208984,19.49333381652832,19.64444351196289,1048613
2017-05-11,19.552593231201172,19.674074172973633,19.463703155517578,19.629629135131836,1066838
2017-05-12,19.617778778076172,19.67703628540039,19.53185272216797,19.602962493896484,998663
2017-05-15,19.62370491027832,19.700740814208984,19.570369720458984,19.64740753173828,1434038
2017-05-16,19.62074089050293,19.70962905883789,19.528888702392578,19.688888549804688,1446863
2017-05-17,19.688888549804688,19.789630889892578,19.528888702392578,19.67703628540039,1774913
2017-05-18,19.694814682006836,19.985185623168945,19.576295852661133,19.819259643554688,1561275
2017-05-19,19.863704681396484,19.988147735595703,19.78370475769043,19.884443283081055,1167750
2017-05-22,19.982221603393555,20.0977783203125,19.94370460510254,20.050369262695312,1347975
2017-05-23,20.074073791503906,20.198518753051758,20.008888244628906,20.151111602783203,1274063
2017-05-24,20.22222137451172,20.234073638916016,20.079999923706055,20.136295318603516,1087088
2017-05-25,20.15407371520996,20.32296371459961,20.109630584716797,20.28148078918457,816750
2017-05-26,20.269630432128906,20.293333053588867,20.204444885253906,20.237037658691406,711450
2017-05-30,20.237037658691406,20.328889846801758,20.12444305419922,20.28444480895996,621675
2017-05-31,20.296295166015625,20.46814727783203,20.195556640625,20.44148063659668,1860975
2017-06-01,20.48296356201172,20.554073333740234,20.373332977294922,20.494815826416016,1330088
2017-06-02,20.48296356201172,20.60444450378418,20.453332901000977,20.47407341003418,789413
2017-06-05,20.479999542236328,20.479999542236328,20.305185317993164,20.325925827026367,767813
2017-06-06,20.25185203552246,20.325925827026367,20.05629539489746,20.07111167907715,1080338
2017-06-07,20.08888816833496,20.18666648864746,20.020740509033203,20.029630661010742,774225
2017-06-08,20.020740509033203,20.302221298217773,19.976295471191406,20.231111526489258,1090800
2017-06-09,20.234073638916016,20.536296844482422,20.171852111816406,20.46814727783203,915975
2017-06-12,20.41777801513672,20.53925895690918,20.22518539428711,20.512592315673828,1469138
2017-06-13,20.370370864868164,20.405925750732422,20.248889923095703,20.34963035583496,1023975
2017-06-14,20.373332977294922,20.58074188232422,20.311111450195312,20.57185173034668,760050
2017-06-15,20.41777801513672,20.642963409423828,20.41777801513672,20.63111114501953,996975
2017-06-16,20.577777862548828,20.7940731048584,20.50963020324707,20.79111099243164,2060438
2017-06-19,20.805925369262695,20.912593841552734,20.62814712524414,20.705184936523438,1313550
2017-06-20,20.678518295288086,20.681480407714844,20.53925895690918,20.548147201538086,1219388
2017-06-21,20.559999465942383,20.60148048400879,20.423704147338867,20.462221145629883,776588
2017-06-22,20.453332901000977,20.453332901000977,20.25481414794922,20.28740692138672,922388
2017-06-23,20.305185317993164,20.370370864868164,20.231111526489258,20.305185317993164,1833638
2017-06-26,20.34963035583496,20.432592391967773,20.28148078918457,20.402963638305664,859613
2017-06-27,20.397037506103516,20.41481590270996,20.269630432128906,20.269630432128906,976388
2017-06-28,20.32296371459961,20.625185012817383,20.245925903320312,20.557037353515625,1243013
2017-06-29,20.60444450378418,20.648889541625977,20.38518524169922,20.50963020324707,1666913
2017-06-30,20.545185089111328,20.592592239379883,20.46814727783203,20.494815826416016,1091813
2017-07-03,20.512592315673828,21.01629638671875,20.512592315673828,20.752592086791992,810000
2017-07-05,20.76444435119629,20.820741653442383,20.497777938842773,20.536296844482422,1478925
2017-07-06,20.462221145629883,20.586666107177734,20.364444732666016,20.50666618347168,1836675
2017-07-07,20.50074005126953,20.625185012817383,20.41777801513672,20.57185173034668,925088
2017-07-10,20.488889694213867,20.57481575012207,20.405925750732422,20.44444465637207,1820138
2017-07-11,20.453332901000977,20.518518447875977,20.311111450195312,20.465185165405273,1451250
2017-07-12,20.46814727783203,20.592592239379883,20.46814727783203,20.50666618347168,696263
2017-07-13,20.503704071044922,20.616296768188477,20.426666259765625,20.58074188232422,908213
2017-07-14,20.568889617919922,20.799999237060547,20.503704071044922,20.708147048950195,1023638
2017-07-17,20.690370559692383,20.690370559692383,20.488889694213867,20.527406692504883,1034775
2017-07-18,20.491851806640625,20.491851806640625,20.195556640625,20.296295166015625,1529213
2017-07-19,20.337778091430664,20.557037353515625,20.28148078918457,20.557037353515625,1104638
2017-07-20,20.586666107177734,20.79703712463379,20.423704147338867,20.79111099243164,1001363
2017-07-21,20.76444435119629,20.9244441986084,20.755556106567383,20.912593841552734,1194750
2017-07-24,20.912593841552734,21.1407413482666,20.897777557373047,21.11407470703125,1332788
2017-07-25,21.256296157836914,21.431110382080078,21.2059268951416,21.392593383789062,1992600
2017-07-26,20.340740203857422,20.930370330810547,20.296295166015625,20.465185165405273,2276438
2017-07-27,20.44444465637207,20.459259033203125,20.266666412353516,20.29037094116211,1608188
2017-07-28,20.28740692138672,20.50074005126953,20.263704299926758,20.432592391967773,1473525
2017-07-31,20.459259033203125,20.548147201538086,20.370370864868164,20.435556411743164,2259563
2017-08-01,20.491851806640625,20.622222900390625,20.334814071655273,20.542221069335938,1354725
2017-08-02,20.545185089111328,20.705184936523438,20.34666633605957,20.485925674438477,1915313
2017-08-03,20.485925674438477,20.58074188232422,20.391111373901367,20.503704071044922,1648013
2017-08-04,20.48296356201172,20.50074005126953,20.21925926208496,20.334814071655273,1107675
2017-08-07,20.325925827026367,20.37925910949707,20.18666648864746,20.18963050842285,1264275
2017-08-08,20.19259262084961,20.22222137451172,19.703704833984375,19.884443283081055,3194438
2017-08-09,19.884443283081055,20.266666412353516,19.834074020385742,20.263704299926758,1969988
2017-08-10,20.183704376220703,20.447406768798828,20.12444305419922,20.308147430419922,1901813
2017-08-11,20.308147430419922,20.32296371459961,20.183704376220703,20.260740280151367,1305450
2017-08-14,20.358518600463867,20.524444580078125,20.35259246826172,20.485925674438477,1010813
2017-08-15,20.491851806640625,20.50963020324707,20.18666648864746,20.22222137451172,798863
2017-08-16,20.25481414794922,20.299259185791016,20.133333206176758,20.213333129882812,679388
2017-08-17,20.207406997680664,20.239999771118164,20.017778396606445,20.0325927734375,850838
2017-08-18,19.976295471191406,20.02666664123535,19.94370460510254,19.94370460510254,801900
2017-08-21,19.952592849731445,19.982221603393555,19.77777862548828,19.84296226501465,647663
2017-08-22,19.866666793823242,19.92888832092285,19.8370361328125,19.914073944091797,684450
2017-08-23,19.834074020385742,19.920000076293945,19.795555114746094,19.804443359375,887625
2017-08-24,19.848888397216797,19.90814781188965,19.74518585205078,19.84296226501465,865688
2017-08-25,19.881481170654297,20.07111167907715,19.869630813598633,19.997037887573242,596025
2017-08-28,19.96444320678711,19.96444320678711,19.691852569580078,19.765926361083984,792450
2017-08-29,19.668148040771484,19.87259292602539,19.668148040771484,19.760000228881836,1082025
2017-08-30,19.754074096679688,19.77481460571289,19.505184173583984,19.514074325561523,706388
2017-08-31,19.58222198486328,19.754074096679688,19.51703643798828,19.74518585205078,1158300
2017-09-01,19.786666870117188,19.786666870117188,19.58814811706543,19.638519287109375,1059075
2017-09-05,19.58222198486328,19.58222198486328,18.7940731048584,18.802963256835938,2727000
2017-09-06,18.782222747802734,19.0755558013916,18.554073333740234,18.871110916137695,2613938
2017-09-07,18.817777633666992,18.835556030273438,18.370370864868164,18.530370712280273,2448563
2017-09-08,18.47407341003418,19.30370330810547,18.44148063659668,19.1081485748291,2929838
2017-09-11,19.43407440185547,19.819259643554688,19.291852951049805,19.49333381652832,2879888
2017-09-12,19.54962921142578,19.573333740234375,19.36592674255371,19.540740966796875,1162013
2017-09-13,19.52296257019043,19.552593231201172,19.36592674255371,19.481481552124023,1078313
2017-09-14,19.472593307495117,19.49925994873047,19.27407455444336,19.377777099609375,1266975
2017-09-15,19.377777099609375,19.49925994873047,19.26814842224121,19.407407760620117,2787413
2017-09-18,19.442962646484375,19.463703155517578,19.29777717590332,19.321481704711914,1211963
2017-09-19,19.280000686645508,19.41925811767578,19.232593536376953,19.247407913208008,1654425
2017-09-20,19.26518440246582,19.380741119384766,19.259258270263672,19.318519592285156,1308150
2017-09-21,19.30370330810547,19.48444366455078,19.282962799072266,19.309629440307617,776250
2017-09-22,19.285926818847656,19.451852798461914,19.285926818847656,19.357036590576172,831938
2017-09-25,19.318519592285156,19.514074325561523,19.315555572509766,19.487407684326172,1188675
2017-09-26,19.469629287719727,19.786666870117188,19.383703231811523,19.703704833984375,1902825
2017-09-27,19.77777862548828,19.822221755981445,19.49925994873047,19.68592643737793,1430325
2017-09-28,19.68000030517578,19.828147888183594,19.617778778076172,19.771852493286133,1158975
2017-09-29,19.724443435668945,19.851852416992188,19.691852569580078,19.77481460571289,1856250
2017-10-02,19.757036209106445,19.96148109436035,19.703704833984375,19.955556869506836,860288
2017-10-03,19.949630737304688,19.991111755371094,19.706666946411133,19.92888832092285,1488375
2017-10-04,19.87555694580078,20.082963943481445,19.789630889892578,20.0325927734375,1385438
2017-10-05,20.044443130493164,20.112592697143555,19.87555694580078,20.068147659301758,1353375
2017-10-06,20.050369262695312,20.165925979614258,19.985185623168945,20.020740509033203,1976400
2017-10-09,20.020740509033203,20.09185218811035,19.890369415283203,19.925926208496094,937238
2017-10-10,19.925926208496094,20.065185546875,19.890369415283203,19.958518981933594,964913
2017-10-11,19.914073944091797,19.976295471191406,19.80740737915039,19.93777847290039,1250100
2017-10-12,19.958518981933594,20.011852264404297,19.834074020385742,19.922962188720703,1449563
2017-10-13,19.92888832092285,20.0977783203125,19.834074020385742,19.97333335876465,1037813
2017-10-16,19.970369338989258,20.21629524230957,19.96444320678711,20.210369110107422,1533263
2017-10-17,20.231111526489258,20.28740692138672,20.10370445251465,20.28148078918457,1281150
2017-10-18,20.31407356262207,20.491851806640625,20.183704376220703,20.37629508972168,1366538
2017-10-19,20.358518600463867,20.586666107177734,20.269630432128906,20.57481575012207,981450
2017-10-20,20.681480407714844,20.83259391784668,20.589630126953125,20.779258728027344,1448550
2017-10-23,20.770370483398438,20.770370483398438,20.625185012817383,20.752592086791992,1215338
2017-10-24,20.767406463623047,20.9451847076416,20.69925880432129,20.776296615600586,1751963
2017-10-25,21.26518440246582,21.26518440246582,20.57481575012207,20.82666778564453,1965938
2017-10-26,20.802963256835938,21.025184631347656,20.779258728027344,20.909629821777344,1334475
2017-10-27,20.909629821777344,20.91851806640625,20.542221069335938,20.610370635986328,1280475
2017-10-30,20.494815826416016,20.69629669189453,20.35259246826172,20.370370864868164,1396238
2017-10-31,20.34666633605957,20.41481590270996,20.234073638916016,20.31999969482422,1331100
2017-11-01,20.38518524169922,20.471111297607422,20.171852111816406,20.308147430419922,1051988
2017-11-02,20.361480712890625,20.530370712280273,20.263704299926758,20.497777938842773,1978088
2017-11-03,20.41481590270996,20.557037353515625,20.35259246826172,20.518518447875977,1566675
2017-11-06,20.488889694213867,20.63703727722168,20.47407341003418,20.568889617919922,793800
2017-11-07,20.586666107177734,20.788148880004883,20.429630279541016,20.453332901000977,2051325
2017-11-08,20.456296920776367,20.494815826416016,20.31407356262207,20.358518600463867,1332113
2017-11-09,20.308147430419922,20.47703742980957,20.25185203552246,20.34666633605957,943650
2017-11-10,20.325925827026367,20.382221221923828,20.231111526489258,20.367406845092773,1108013
2017-11-13,20.272592544555664,20.358518600463867,20.171852111816406,20.18666648864746,1318613
2017-11-14,20.18963050842285,20.21629524230957,20.014814376831055,20.082963943481445,1722263
2017-11-15,20.02666664123535,20.325925827026367,19.96444320678711,20.177778244018555,1217363
2017-11-16,20.177778244018555,20.228147506713867,19.84000015258789,19.87555694580078,1471163
2017-11-17,19.8370361328125,19.96148109436035,19.798519134521484,19.863704681396484,1429988
2017-11-20,19.851852416992188,19.922962188720703,19.804443359375,19.834074020385742,1226475
2017-11-21,19.866666793823242,19.922962188720703,19.804443359375,19.851852416992188,1232550
2017-11-22,19.84592628479004,19.869630813598633,19.68000030517578,19.68000030517578,1432688
2017-11-24,19.70962905883789,19.739259719848633,19.602962493896484,19.611852645874023,753300
2017-11-27,19.58814811706543,19.71851921081543,19.53185272216797,19.668148040771484,1154588
2017-11-28,19.659259796142578,19.934814453125,19.611852645874023,19.91111183166504,1310175
2017-11-29,19.801481246948242,20.311111450195312,19.706666946411133,20.296295166015625,1712475
2017-11-30,20.334814071655273,20.536296844482422,20.065185546875,20.479999542236328,3623738
2017-12-01,20.503704071044922,20.639999389648438,20.139259338378906,20.59851837158203,2688863
2017-12-04,20.749629974365234,20.95111083984375,20.622222900390625,20.666667938232422,2209950
2017-12-05,20.76444435119629,20.76444435119629,20.479999542236328,20.586666107177734,1796850
2017-12-06,20.592592239379883,20.72888946533203,20.562963485717773,20.654815673828125,1163363
2017-12-07,20.62814712524414,20.743703842163086,20.59851837158203,20.70222282409668,1303425
2017-12-08,20.770370483398438,20.877037048339844,20.714073181152344,20.8592586517334,1339875
2017-12-11,20.814815521240234,20.942222595214844,20.740741729736328,20.88592529296875,1318275
2017-12-12,20.909629821777344,21.069629669189453,20.88888931274414,21.0429630279541,1501538
2017-12-13,21.063703536987305,21.1200008392334,20.86222267150879,20.88888931274414,1825538
2017-12-14,20.959999084472656,20.962963104248047,20.814815521240234,20.814815521240234,2056388
2017-12-15,20.936296463012695,21.217777252197266,20.874074935913086,21.1081485748291,3266325
2017-12-18,21.158519744873047,21.30074119567871,20.844444274902344,20.903703689575195,1451250
2017-12-19,21.1081485748291,21.1081485748291,20.678518295288086,20.770370483398438,2261925
2017-12-20,20.933332443237305,21.11111068725586,20.802963256835938,20.962963104248047,1252463
2017-12-21,20.98666763305664,21.099258422851562,20.897777557373047,20.95407485961914,508950
2017-12-22,21.001480102539062,21.034074783325195,20.88592529296875,21.00740623474121,737775
2017-12-26,20.971851348876953,21.211851119995117,20.959999084472656,21.00740623474121,541350
2017-12-27,21.037036895751953,21.087406158447266,20.936296463012695,21.0548152923584,1022288
2017-12-28,21.102222442626953,21.27407455444336,21.004444122314453,21.26518440246582,712800
2017-12-29,21.285926818847656,21.30666732788086,21.13777732849121,21.229629516601562,1103625
2018-01-02,21.291852951049805,21.33036994934082,20.70222282409668,20.752592086791992,1447200
2018-01-03,20.755556106567383,20.882963180541992,20.577777862548828,20.58074188232422,1146150
2018-01-04,20.616296768188477,20.746667861938477,20.562963485717773,20.66370391845703,884588
2018-01-05,20.70222282409668,20.70222282409668,20.518518447875977,20.577777862548828,1213313
2018-01-08,20.554073333740234,20.554073333740234,20.331851959228516,20.47407341003418,1354388
2018-01-09,20.512592315673828,20.666667938232422,20.373332977294922,20.382221221923828,2592338
2018-01-10,20.41481590270996,20.41481590270996,20.130369186401367,20.133333206176758,1503225
2018-01-11,20.148147583007812,20.337778091430664,20.145185470581055,20.328889846801758,1066838
2018-01-12,20.328889846801758,20.625185012817383,20.245925903320312,20.57481575012207,1415475
2018-01-16,20.70222282409668,20.740741729736328,20.562963485717773,20.568889617919922,1157288
2018-01-17,20.554073333740234,20.82370376586914,20.554073333740234,20.773332595825195,991913
2018-01-18,20.782222747802734,20.844444274902344,20.639999389648438,20.746667861938477,1869413
2018-01-19,20.75851821899414,20.9570369720459,20.755556106567383,20.9570369720459,959513
2018-01-22,21.037036895751953,21.247407913208008,21.019258499145508,21.226667404174805,1198463
2018-01-23,21.253332138061523,21.445926666259766,21.128889083862305,21.345184326171875,1073588
2018-01-24,21.392593383789062,21.392593383789062,21.16740608215332,21.27111053466797,1194750
2018-01-25,21.294815063476562,21.43407440185547,21.200000762939453,21.42814826965332,1083713
2018-01-26,21.43407440185547,21.49333381652832,21.30370330810547,21.360000610351562,1009125
2018-01-29,21.354074478149414,21.360000610351562,21.14666748046875,21.2385196685791,1212975
2018-01-30,21.182222366333008,21.36592674255371,21.11407470703125,21.20888900756836,1171800
2018-01-31,21.30074119567871,21.863704681396484,21.185184478759766,21.62370491027832,2497163
2018-02-01,21.52592658996582,21.84592628479004,21.481481552124023,21.757036209106445,1637213
2018-02-02,21.674074172973633,22.053333282470703,21.674074172973633,21.721481323242188,1143450
2018-02-05,21.594074249267578,21.77777862548828,21.01629638671875,21.066667556762695,1315913
2018-02-06,20.782222747802734,21.11111068725586,20.479999542236328,20.980741500854492,2562300
2018-02-07,20.942222595214844,21.158519744873047,20.773332595825195,20.779258728027344,2425950
2018-02-08,20.785184860229492,20.785184860229492,20.074073791503906,20.077037811279297,2146838
2018-02-09,20.201480865478516,20.308147430419922,19.887407302856445,20.15407371520996,2239650
2018-02-12,20.210369110107422,20.367406845092773,19.94370460510254,20.15407371520996,1711125
2018-02-13,20.082963943481445,20.248889923095703,19.9022216796875,20.213333129882812,1156275
2018-02-14,20.195556640625,20.589630126953125,20.0325927734375,20.57185173034668,1074600
2018-02-15,20.666667938232422,20.705184936523438,20.479999542236328,20.66370391845703,853875
2018-02-16,20.60444450378418,20.740741729736328,20.57185173034668,20.690370559692383,1662525
2018-02-20,20.622222900390625,20.622222900390625,20.195556640625,20.364444732666016,1066163
2018-02-21,20.370370864868164,20.73481559753418,20.370370864868164,20.485925674438477,1223775
2018-02-22,20.554073333740234,20.705184936523438,20.340740203857422,20.37629508972168,1309500
2018-02-23,20.423704147338867,20.524444580078125,20.201480865478516,20.456296920776367,999338
2018-02-26,20.527406692504883,20.788148880004883,20.485925674438477,20.76444435119629,815063
2018-02-27,20.749629974365234,20.83259391784668,20.592592239379883,20.592592239379883,957150
2018-02-28,20.666667938232422,20.82666778564453,20.25777816772461,20.260740280151367,1226138
2018-03-01,20.296295166015625,20.41777801513672,20.020740509033203,20.118518829345703,738788
2018-03-02,20.017778396606445,20.25481414794922,19.9674072265625,20.213333129882812,786713
2018-03-05,20.213333129882812,20.841480255126953,20.213333129882812,20.7940731048584,970650
2018-03-06,20.82666778564453,20.9570369720459,20.447406768798828,20.89481544494629,1259550
2018-03-07,20.820741653442383,20.9570369720459,20.657777786254883,20.927406311035156,1541025
2018-03-08,20.98666763305664,20.98666763305664,20.799999237060547,20.88888931274414,1322325
2018-03-09,21.019258499145508,21.33036994934082,20.906667709350586,21.33036994934082,1160325
2018-03-12,21.327407836914062,21.600000381469727,21.282962799072266,21.51703643798828,1800900
2018-03-13,21.51703643798828,21.51703643798828,21.194074630737305,21.357036590576172,1141425
2018-03-14,21.448888778686523,21.448888778686523,21.0548152923584,21.134815216064453,1352025
2018-03-15,21.17629623413086,21.247407913208008,21.040000915527344,21.093332290649414,950400
2018-03-16,21.134815216064453,21.291852951049805,21.034074783325195,21.13777732849121,3068888
2018-03-19,21.128889083862305,21.315555572509766,21.069629669189453,21.20888900756836,1335150
2018-03-20,21.214815139770508,21.463703155517578,21.185184478759766,21.351110458374023,762750
2018-03-21,21.291852951049805,21.440000534057617,21.16740608215332,21.16740608215332,840375
2018-03-22,21.025184631347656,21.389629364013672,20.9777774810791,21.096296310424805,2843438
2018-03-23,21.10518455505371,21.250370025634766,20.73481559753418,20.805925369262695,3584925
2018-03-26,21.034074783325195,21.277036666870117,20.82962989807129,21.253332138061523,1458000
2018-03-27,21.280000686645508,21.354074478149414,20.974815368652344,21.102222442626953,1348650
2018-03-28,21.131851196289062,21.573333740234375,20.962963104248047,21.514074325561523,1315913
2018-03-29,21.608888626098633,21.71555519104004,21.448888778686523,21.540740966796875,1919025
2018-04-02,21.540740966796875,21.64740753173828,20.936296463012695,21.194074630737305,1557225
2018-04-03,21.253332138061523,21.611852645874023,21.20888900756836,21.537778854370117,1743863
2018-04-04,21.27407455444336,21.70962905883789,21.20296287536621,21.703704833984375,1402988
2018-04-05,21.768888473510742,21.87851905822754,21.579259872436523,21.727407455444336,1033425
2018-04-06,21.600000381469727,21.757036209106445,21.247407913208008,21.392593383789062,1053000
2018-04-09,21.374814987182617,21.61481475830078,21.26518440246582,21.413333892822266,1020600
2018-04-10,21.552593231201172,21.602962493896484,21.33629608154297,21.52592658996582,1468463
2018-04-11,21.416296005249023,21.58518409729004,21.30666732788086,21.561481475830078,1055700
2018-04-12,21.65036964416504,21.74814796447754,21.58518409729004,21.697778701782227,997313
2018-04-13,21.77777862548828,21.77777862548828,21.52296257019043,21.65036964416504,1140750
2018-04-16,21.77777862548828,22.07111167907715,21.70962905883789,22.02666664123535,866025
2018-04-17,22.08888816833496,22.15703773498535,21.84000015258789,22.014814376831055,2471175
2018-04-18,22.053333282470703,22.053333282470703,21.819259643554688,21.955556869506836,1491075
2018-04-19,21.970369338989258,22.118518829345703,21.9022216796875,21.97333335876465,1291275
2018-04-20,22.041481018066406,22.171852111816406,21.934814453125,22.145185470581055,1099913
2018-04-23,22.15999984741211,22.180740356445312,21.958518981933594,22.130369186401367,1069200
2018-04-24,22.136295318603516,22.228147506713867,21.90814781188965,22.020740509033203,1180575
2018-04-25,23.626667022705078,23.626667022705078,22.34666633605957,22.557037353515625,1885613
2018-04-26,22.562963485717773,22.562963485717773,22.09185218811035,22.394073486328125,1348650
2018-04-27,22.35259246826172,22.548147201538086,22.28148078918457,22.465185165405273,1026000
2018-04-30,22.527406692504883,22.607406616210938,22.077037811279297,22.09185218811035,1510650
2018-05-01,22.05925941467285,22.242963790893555,21.90518569946289,22.213333129882812,1027688
2018-05-02,22.1629638671875,22.180740356445312,21.68592643737793,21.90518569946289,1395225
2018-05-03,21.804443359375,21.92888832092285,21.564443588256836,21.87259292602539,1068525
2018-05-04,21.81036949157715,22.266666412353516,21.789630889892578,22.174814224243164,808313
2018-05-07,22.210369110107422,22.343704223632812,21.914073944091797,22.266666412353516,918338
2018-05-08,22.266666412353516,22.429630279541016,22.168888092041016,22.31999969482422,1354725
2018-05-09,22.334814071655273,22.388147354125977,22.183704376220703,22.302221298217773,1411088
2018-05-10,22.361480712890625,22.610370635986328,22.22518539428711,22.557037353515625,814388
2018-05-11,22.583703994750977,22.865184783935547,22.53925895690918,22.788148880004883,1086413
2018-05-14,22.811851501464844,22.82370376586914,22.512592315673828,22.551111221313477,924075
2018-05-15,22.465185165405273,22.613332748413086,22.465185165405273,22.577777862548828,941963
2018-05-16,22.568889617919922,22.743703842163086,22.503704071044922,22.651851654052734,687150
2018-05-17,22.63407325744629,22.814815521240234,22.536296844482422,22.72888946533203,954788
2018-05-18,22.72592544555664,22.752592086791992,22.645925521850586,22.675556182861328,958163
2018-05-21,22.746667861938477,22.9777774810791,22.648889541625977,22.921480178833008,761400
2018-05-22,22.897777557373047,22.965925216674805,22.767406463623047,22.811851501464844,906525
2018-05-23,22.79111099243164,22.850370407104492,22.625185012817383,22.755556106567383,1139063
2018-05-24,22.737777709960938,22.82962989807129,22.536296844482422,22.7614803314209,1321313
2018-05-25,22.719999313354492,22.874074935913086,22.69333267211914,22.73185157775879,667913
2018-05-29,22.562963485717773,22.592592239379883,22.22222137451172,22.308147430419922,1024988
2018-05-30,22.405925750732422,22.89481544494629,22.361480712890625,22.802963256835938,1676700
2018-05-31,22.7614803314209,22.799999237060547,22.497777938842773,22.657777786254883,2593688
2018-06-01,22.82666778564453,22.897777557373047,22.746667861938477,22.82370376586914,1054350
2018-06-04,22.912593841552734,23.0755558013916,22.850370407104492,22.99259376525879,835650
2018-06-05,22.930370330810547,23.11111068725586,22.755556106567383,22.841480255126953,1108013
2018-06-06,22.909629821777344,23.057777404785156,22.79703712463379,23.051851272583008,923063
2018-06-07,23.0755558013916,23.226667404174805,22.89481544494629,23.17037010192871,905850
2018-06-08,23.01629638671875,23.214815139770508,22.995555877685547,23.20296287536621,802238
2018-06-11,23.214815139770508,23.285926818847656,23.057777404785156,23.102222442626953,604125
2018-06-12,23.1407413482666,23.1407413482666,22.799999237060547,22.814815521240234,916650
2018-06-13,22.8918514251709,22.959999084472656,22.66370391845703,22.681480407714844,1309500
2018-06-14,22.325925827026367,22.491851806640625,22.174814224243164,22.305185317993164,1413450
2018-06-15,22.266666412353516,22.35555648803711,22.0,22.328889846801758,2457000
2018-06-18,22.10370445251465,22.15999984741211,21.946666717529297,22.008888244628906,1203525
2018-06-19,21.884443283081055,22.210369110107422,21.884443283081055,22.15703773498535,1672650
2018-06-20,22.239999771118164,22.25185203552246,21.979259490966797,21.991111755371094,1451588
2018-06-21,21.952592849731445,22.079999923706055,21.724443435668945,21.760000228881836,1564313
2018-06-22,21.848888397216797,22.008888244628906,21.77777862548828,21.84592628479004,2072588
2018-06-25,21.825185775756836,21.914073944091797,21.697778701782227,21.831111907958984,1568025
2018-06-26,21.851852416992188,21.922962188720703,21.635555267333984,21.662221908569336,2285213
2018-06-27,21.67703628540039,21.828147888183594,21.277036666870117,21.291852951049805,1345950
2018-06-28,21.247407913208008,21.42814826965332,21.247407913208008,21.36888885498047,1034438
2018-06-29,21.40148162841797,21.64444351196289,21.377777099609375,21.454814910888672,1796175
2018-07-02,21.383703231811523,21.502222061157227,21.250370025634766,21.30074119567871,1004400
2018-07-03,21.357036590576172,21.65036964416504,21.345184326171875,21.383703231811523,1060763
2018-07-05,21.496295928955078,21.51703643798828,21.259258270263672,21.437036514282227,876825
2018-07-06,21.380741119384766,21.665185928344727,21.342222213745117,21.46666717529297,924413
2018-07-09,21.561481475830078,21.851852416992188,21.55555534362793,21.81333351135254,1097213
2018-07-10,21.8370361328125,21.96444320678711,21.795555114746094,21.87259292602539,1060763
2018-07-11,21.816295623779297,21.955556869506836,21.78074073791504,21.9022216796875,928463
2018-07-12,22.008888244628906,22.106666564941406,21.68592643737793,21.74518585205078,594338
2018-07-13,21.674074172973633,21.857778549194336,21.674074172973633,21.739259719848633,1053000
2018-07-16,21.74222183227539,22.053333282470703,21.74222183227539,22.050369262695312,943988
2018-07-17,22.05925941467285,22.106666564941406,21.84000015258789,21.866666793823242,1577813
2018-07-18,21.860740661621094,22.165925979614258,21.822221755981445,22.109630584716797,931500
2018-07-19,22.017778396606445,22.145185470581055,21.96148109436035,22.047407150268555,1321650
2018-07-20,22.047407150268555,22.22518539428711,21.925926208496094,22.115556716918945,909900
2018-07-23,22.085926055908203,22.151111602783203,21.93777847290039,22.12740707397461,835313
2018-07-24,22.145185470581055,22.18666648864746,21.949630737304688,22.008888244628906,721913
2018-07-25,22.22222137451172,23.253332138061523,21.691852569580078,22.02666664123535,2017913
2018-07-26,22.0977783203125,22.595556259155273,22.0977783203125,22.548147201538086,1368225
2018-07-27,22.59851837158203,22.799999237060547,22.311111450195312,22.343704223632812,983475
2018-07-30,22.311111450195312,22.497777938842773,22.311111450195312,22.337778091430664,960525
2018-07-31,22.373332977294922,22.521480560302734,22.10370445251465,22.462221145629883,1383413
2018-08-01,22.462221145629883,22.613332748413086,22.367406845092773,22.471111297607422,974700
2018-08-02,22.340740203857422,22.592592239379883,22.311111450195312,22.453332901000977,677700
2018-08-03,22.447406768798828,22.51555633544922,22.31703758239746,22.51555633544922,714150
2018-08-06,22.50074005126953,22.63407325744629,22.435556411743164,22.497777938842773,688500
2018-08-07,22.50963020324707,22.60148048400879,22.25185203552246,22.35259246826172,1041188
2018-08-08,22.343704223632812,22.432592391967773,22.272592544555664,22.397037506103516,832613
2018-08-09,22.388147354125977,22.666667938232422,22.364444732666016,22.57185173034668,851175
2018-08-10,22.41777801513672,22.557037353515625,22.228147506713867,22.50963020324707,551813
2018-08-13,22.527406692504883,22.654815673828125,22.41777801513672,22.512592315673828,577125
2018-08-14,22.53925895690918,22.773332595825195,22.48296356201172,22.639999389648438,859950
2018-08-15,22.586666107177734,22.73481559753418,22.51555633544922,22.666667938232422,678713
2018-08-16,22.73185157775879,22.95407485961914,22.73185157775879,22.882963180541992,670613
2018-08-17,22.877037048339844,23.001480102539062,22.776296615600586,22.9451847076416,626738
2018-08-20,22.95111083984375,23.188148498535156,22.95111083984375,23.122962951660156,731363
2018-08-21,23.125925064086914,23.2385196685791,23.122962951660156,23.1407413482666,705375
2018-08-22,23.134815216064453,23.14370346069336,22.805925369262695,22.8474063873291,1051988
2018-08-23,22.874074935913086,23.034074783325195,22.770370483398438,23.00740623474121,833288
2018-08-24,23.034074783325195,23.17333221435547,23.00740623474121,23.14370346069336,535950
2018-08-27,23.211851119995117,23.29777717590332,23.16740608215332,23.2059268951416,722250
2018-08-28,23.26518440246582,23.386667251586914,23.2059268951416,23.354074478149414,719213
2018-08-29,23.37185287475586,23.404443740844727,23.244443893432617,23.280000686645508,747225
2018-08-30,23.262222290039062,23.277036666870117,23.069629669189453,23.1525936126709,526838
2018-08-31,23.099258422851562,23.223703384399414,22.995555877685547,23.188148498535156,1307475
2018-09-04,23.188148498535156,23.351110458374023,23.0429630279541,23.33629608154297,749250
2018-09-05,23.339258193969727,23.52296257019043,23.259258270263672,23.30666732788086,1150538
2018-09-06,23.318519592285156,23.416296005249023,23.27111053466797,23.339258193969727,835988
2018-09-07,23.321481704711914,23.36296272277832,23.17037010192871,23.27407455444336,652725
2018-09-10,23.348148345947266,23.348148345947266,23.1407413482666,23.188148498535156,737438
2018-09-11,23.117036819458008,23.348148345947266,23.034074783325195,23.309629440307617,1001700
2018-09-12,23.27111053466797,23.324443817138672,23.17037010192871,23.277036666870117,746213
2018-09-13,23.318519592285156,23.62370491027832,23.318519592285156,23.611852645874023,687150
2018-09-14,23.64444351196289,23.90518569946289,23.64444351196289,23.831111907958984,1284188
2018-09-17,23.786666870117188,23.786666870117188,23.502222061157227,23.58518409729004,843075
2018-09-18,23.386667251586914,23.579259872436523,23.321481704711914,23.404443740844727,1513688
2018-09-19,23.422222137451172,23.496295928955078,23.14666748046875,23.182222366333008,1161675
2018-09-20,23.262222290039062,23.383703231811523,23.149629592895508,23.36296272277832,1084388
2018-09-21,22.936296463012695,23.42518424987793,22.89481544494629,23.351110458374023,2116463
2018-09-24,23.351110458374023,23.442962646484375,23.125925064086914,23.155555725097656,1239300
2018-09-25,23.2059268951416,23.51703643798828,23.179258346557617,23.502222061157227,6151950
2018-09-26,23.579259872436523,23.626667022705078,23.351110458374023,23.386667251586914,2361825
2018-09-27,23.383703231811523,23.662221908569336,23.342222213745117,23.445926666259766,2560950
2018-09-28,23.404443740844727,23.706666946411133,23.39851951599121,23.68296241760254,2380050
2018-10-01,23.706666946411133,23.831111907958984,23.185184478759766,23.253332138061523,2184975
2018-10-02,23.259258270263672,23.422222137451172,23.155555725097656,23.389629364013672,964238
2018-10-03,23.475555419921875,23.656295776367188,23.404443740844727,23.454814910888672,1735763
2018-10-04,23.42518424987793,23.600000381469727,23.410369873046875,23.49333381652832,1162688
2018-10-05,23.478519439697266,23.597036361694336,23.333332061767578,23.33629608154297,967613
2018-10-08,23.256296157836914,23.511110305786133,23.23555564880371,23.422222137451172,658125
2018-10-09,23.39555549621582,23.597036361694336,23.30370330810547,23.511110305786133,1003388
2018-10-10,23.416296005249023,23.528888702392578,22.814815521240234,22.82962989807129,1747238
2018-10-11,22.770370483398438,22.770370483398438,22.023704528808594,22.047407150268555,1732050
2018-10-12,22.402963638305664,22.402963638305664,21.46074104309082,21.80740737915039,1654088
2018-10-15,21.81036949157715,22.008888244628906,21.703704833984375,21.760000228881836,1797525
2018-10-16,21.87851905822754,22.183704376220703,21.668148040771484,22.139259338378906,1923413
2018-10-17,22.12444305419922,22.25777816772461,21.887407302856445,22.10370445251465,880200
2018-10-18,22.07111167907715,22.204444885253906,21.84296226501465,21.946666717529297,833625
2018-10-19,21.91111183166504,22.109630584716797,21.80740737915039,21.90518569946289,820800
2018-10-22,21.96148109436035,22.05629539489746,21.64740753173828,21.751110076904297,1426950
2018-10-23,21.49333381652832,21.62074089050293,21.253332138061523,21.392593383789062,1361138
2018-10-24,21.8370361328125,22.35259246826172,21.62370491027832,21.638519287109375,1777275
2018-10-25,21.78074073791504,22.068147659301758,21.64740753173828,21.958518981933594,1284863
2018-10-26,21.854814529418945,22.03851890563965,21.54962921142578,21.920000076293945,1500863
2018-10-29,22.174814224243164,22.41481590270996,21.952592849731445,22.106666564941406,1862325
2018-10-30,22.207406997680664,22.34963035583496,22.047407150268555,22.311111450195312,1277775
2018-10-31,22.453332901000977,22.785184860229492,22.361480712890625,22.488889694213867,1926113
2018-11-01,22.527406692504883,22.527406692504883,22.28444480895996,22.447406768798828,1095525
2018-11-02,22.60148048400879,22.705184936523438,22.18666648864746,22.41185188293457,1148175
2018-11-05,22.497777938842773,22.82370376586914,22.399999618530273,22.651851654052734,1118475
2018-11-06,22.613332748413086,22.921480178833008,22.527406692504883,22.88592529296875,1178213
2018-11-07,22.948148727416992,23.30666732788086,22.948148727416992,23.26518440246582,1026675
2018-11-08,23.2059268951416,23.46666717529297,23.2059268951416,23.342222213745117,1192388
2018-11-09,23.327407836914062,23.404443740844727,23.093332290649414,23.232593536376953,977400
2018-11-12,23.217777252197266,23.250370025634766,22.88592529296875,22.939258575439453,1223775
2018-11-13,22.95111083984375,23.093332290649414,22.79111099243164,22.871110916137695,1025663
2018-11-14,22.939258575439453,23.0755558013916,22.343704223632812,22.435556411743164,1398600
2018-11-15,22.361480712890625,22.903703689575195,22.25777816772461,22.868148803710938,1217025
2018-11-16,22.785184860229492,23.288888931274414,22.76444435119629,23.244443893432617,1495463
2018-11-19,23.244443893432617,23.33629608154297,23.063703536987305,23.27111053466797,1461038
2018-11-20,23.158519744873047,23.30074119567871,23.040000915527344,23.182222366333008,1875825
2018-11-21,23.20296287536621,23.37185287475586,23.037036895751953,23.10518455505371,1350338
2018-11-23,22.933332443237305,23.125925064086914,22.930370330810547,23.004444122314453,603788
2018-11-26,23.197036743164062,23.259258270263672,22.995555877685547,23.217777252197266,1469813
2018-11-27,22.974815368652344,23.182222366333008,22.877037048339844,22.968889236450195,1463063
2018-11-28,22.9570369720459,23.312593460083008,22.841480255126953,23.30370330810547,1751963
2018-11-29,23.20296287536621,23.374814987182617,23.158519744873047,23.244443893432617,1151550
2018-11-30,23.247407913208008,23.53185272216797,23.194074630737305,23.342222213745117,6379763
2018-12-03,23.448888778686523,23.573333740234375,22.838518142700195,23.17629623413086,1911263
2018-12-04,23.197036743164062,23.2385196685791,22.63703727722168,22.705184936523438,1342238
2018-12-06,22.462221145629883,22.684444427490234,22.03555679321289,22.63111114501953,1888313
2018-12-07,22.551111221313477,22.868148803710938,22.245925903320312,22.438518524169922,1358100
2018-12-10,22.435556411743164,22.536296844482422,21.99407386779785,22.28444480895996,1238288
2018-12-11,22.485925674438477,22.62814712524414,22.112592697143555,22.19259262084961,1188675
2018-12-12,22.408889770507812,22.548147201538086,22.177778244018555,22.25481414794922,1104638
2018-12-13,22.28444480895996,22.465185165405273,22.145185470581055,22.266666412353516,1374638
2018-12-14,22.133333206176758,22.234073638916016,22.047407150268555,22.136295318603516,1207575
2018-12-17,22.130369186401367,22.213333129882812,21.591110229492188,21.65333366394043,1281825
2018-12-18,21.757036209106445,21.970369338989258,21.626667022705078,21.77777862548828,1181588
2018-12-19,21.804443359375,22.168888092041016,21.54962921142578,21.656295776367188,1215675
2018-12-20,21.546667098999023,21.665185928344727,21.211851119995117,21.232593536376953,1752975
2018-12-21,21.220741271972656,21.736295700073242,21.093332290649414,21.102222442626953,2671988
2018-12-24,20.930370330810547,20.962963104248047,20.479999542236328,20.610370635986328,1152900
2018-12-26,20.619258880615234,21.354074478149414,20.405925750732422,21.354074478149414,1893038
2018-12-27,21.069629669189453,21.608888626098633,20.959999084472656,21.605926513671875,1082363
2018-12-28,21.659259796142578,21.860740661621094,21.552593231201172,21.62074089050293,1729013
2018-12-31,21.67703628540039,21.899259567260742,21.53185272216797,21.899259567260742,1731038
2019-01-02,21.58518409729004,21.659259796142578,21.30370330810547,21.457778930664062,1251788
2019-01-03,21.392593383789062,21.543703079223633,21.069629669189453,21.102222442626953,1270013
2019-01-04,21.315555572509766,21.52592658996582,21.280000686645508,21.42814826965332,1783350
2019-01-07,21.46074104309082,21.703704833984375,21.383703231811523,21.49036979675293,1006088
2019-01-08,21.52592658996582,21.561481475830078,21.14666748046875,21.333332061767578,1399613
2019-01-09,21.487407684326172,21.505184173583984,21.333332061767578,21.392593383789062,1671300
2019-01-10,21.377777099609375,21.671110153198242,21.324443817138672,21.62370491027832,1908225
2019-01-11,21.597036361694336,21.727407455444336,21.380741119384766,21.508148193359375,1064138
2019-01-14,21.422222137451172,21.71555519104004,21.36592674255371,21.697778701782227,1048613
2019-01-15,21.68592643737793,21.91111183166504,21.68592643737793,21.890369415283203,874125
2019-01-16,21.925926208496094,22.210369110107422,21.854814529418945,22.18963050842285,1147163
2019-01-17,22.044443130493164,22.394073486328125,22.044443130493164,22.195556640625,1310850
2019-01-18,22.299259185791016,22.494815826416016,22.22518539428711,22.423704147338867,711788
2019-01-22,22.37629508972168,22.554073333740234,22.05925941467285,22.133333206176758,793463
2019-01-23,22.136295318603516,22.382221221923828,22.0977783203125,22.34963035583496,708750
2019-01-24,22.25185203552246,22.293333053588867,21.988147735595703,22.12444305419922,1377338
2019-01-25,22.248889923095703,22.340740203857422,22.100740432739258,22.22222137451172,1782675
2019-01-28,22.139259338378906,22.28148078918457,22.041481018066406,22.25185203552246,756000
2019-01-29,22.228147506713867,22.299259185791016,22.065185546875,22.118518829345703,759038
2019-01-30,22.37925910949707,23.040000915527344,22.25481414794922,22.83259391784668,1931175
2019-01-31,22.72592544555664,22.820741653442383,22.57481575012207,22.782222747802734,1216350
2019-02-01,22.75851821899414,23.04592514038086,22.73481559753418,23.031110763549805,1064813
2019-02-04,22.98666763305664,23.30666732788086,22.877037048339844,23.30666732788086,1099238
2019-02-05,23.374814987182617,23.597036361694336,23.20296287536621,23.597036361694336,1113075
2019-02-06,23.52592658996582,23.691852569580078,23.437036514282227,23.668148040771484,1040513
2019-02-07,23.62074089050293,24.0,23.62074089050293,23.952592849731445,1536638
2019-02-08,23.831111907958984,23.96444320678711,23.53185272216797,23.754074096679688,1188000
2019-02-11,23.792593002319336,23.798519134521484,23.62074089050293,23.771852493286133,1084050
2019-02-12,23.825185775756836,23.934814453125,23.77481460571289,23.887407302856445,1136025
2019-02-13,23.9674072265625,24.180740356445312,23.946666717529297,24.151111602783203,929475
2019-02-14,24.068147659301758,24.21629524230957,23.89629554748535,23.952592849731445,1283513
2019-02-15,24.106666564941406,24.28444480895996,24.07111167907715,24.118518829345703,1606500
2019-02-19,24.053333282470703,24.337778091430664,24.023704528808594,24.28444480895996,893363
2019-02-20,24.263704299926758,24.47703742980957,24.174814224243164,24.471111297607422,883913
2019-02-21,24.471111297607422,24.497777938842773,24.28444480895996,24.41777801513672,832275
2019-02-22,24.50963020324707,24.58074188232422,24.37925910949707,24.459259033203125,859275
2019-02-25,24.488889694213867,24.57185173034668,23.985185623168945,24.21629524230957,2650388
2019-02-26,24.130369186401367,24.465185165405273,24.130369186401367,24.373332977294922,1307475
2019-02-27,24.527406692504883,24.719999313354492,24.41777801513672,24.607406616210938,1191713
2019-02-28,24.654815673828125,24.965925216674805,24.645925521850586,24.788148880004883,2063475
2019-03-01,24.933332443237305,25.08148193359375,24.841480255126953,24.9896297454834,1403663
2019-03-04,25.031110763549805,25.066667556762695,24.651851654052734,24.86222267150879,1455975
2019-03-05,24.933332443237305,24.933332443237305,24.714073181152344,24.838518142700195,870413
2019-03-06,24.808889389038086,24.939258575439453,24.503704071044922,24.622222900390625,1013850
2019-03-07,24.63111114501953,24.63111114501953,24.358518600463867,24.524444580078125,978075
2019-03-08,24.471111297607422,24.57185173034668,24.388147354125977,24.53333282470703,1158300
2019-03-11,24.660741806030273,24.717037200927734,24.554073333740234,24.60148048400879,1557563
2019-03-12,24.66963005065918,24.805925369262695,24.589630126953125,24.711111068725586,1168088
2019-03-13,24.681480407714844,24.737777709960938,24.48296356201172,24.545185089111328,1578488
2019-03-14,24.557037353515625,24.782222747802734,24.370370864868164,24.69925880432129,1081688
2019-03-15,24.681480407714844,25.028148651123047,24.60444450378418,24.782222747802734,2162700
2019-03-18,24.820741653442383,25.0103702545166,24.79111099243164,24.906667709350586,834638
2019-03-19,24.942222595214844,25.00740623474121,24.577777862548828,24.616296768188477,712800
2019-03-20,24.592592239379883,24.788148880004883,24.471111297607422,24.524444580078125,917325
2019-03-21,24.420740127563477,24.930370330810547,24.373332977294922,24.877037048339844,674663
2019-03-22,24.776296615600586,25.084444046020508,24.708147048950195,24.749629974365234,1329750
2019-03-25,24.749629974365234,25.028148651123047,24.717037200927734,24.877037048339844,1391513
2019-03-26,24.98370361328125,25.155555725097656,24.75851821899414,24.91851806640625,817088
2019-03-27,24.939258575439453,25.14370346069336,24.921480178833008,25.069629669189453,795488
2019-03-28,25.13777732849121,25.223703384399414,24.841480255126953,25.069629669189453,1146488
2019-03-29,25.188148498535156,25.229629516601562,25.034074783325195,25.102222442626953,1855238
2019-04-01,25.194074630737305,25.26814842224121,24.959999084472656,25.131851196289062,907875
2019-04-02,25.1525936126709,25.185184478759766,24.8799991607666,25.051851272583008,706725
2019-04-03,25.191110610961914,25.275556564331055,24.697778701782227,25.231111526489258,1509750
2019-04-04,25.280000686645508,25.391111373901367,25.053333282470703,25.275556564331055,1269225
2019-04-05,25.30666732788086,25.440000534057617,25.23555564880371,25.413333892822266,922275
2019-04-08,25.435556411743164,25.511110305786133,25.204444885253906,25.360000610351562,883800
2019-04-09,25.333332061767578,25.399999618530273,25.128889083862305,25.22222137451172,740475
2019-04-10,25.288888931274414,25.333332061767578,25.15999984741211,25.275556564331055,1057050
2019-04-11,25.337778091430664,25.542221069335938,25.15999984741211,25.520000457763672,562725
2019-04-12,25.600000381469727,25.786666870117188,25.546667098999023,25.755556106567383,551700
2019-04-15,25.755556106567383,25.799999237060547,25.600000381469727,25.719999313354492,438300
2019-04-16,25.817777633666992,26.06222152709961,25.751110076904297,26.057777404785156,902475
2019-04-17,26.08888816833496,26.08888816833496,25.69333267211914,25.74222183227539,873225
2019-04-18,25.804443359375,26.12444305419922,25.72888946533203,25.933332443237305,1250325
2019-04-22,25.84000015258789,25.84000015258789,25.608888626098633,25.69333267211914,727875
2019-04-23,25.69333267211914,26.07111167907715,25.648889541625977,25.991111755371094,961425
2019-04-24,25.74222183227539,27.04888916015625,25.657777786254883,26.87555694580078,2085525
2019-04-25,26.906667709350586,27.040000915527344,26.595556259155273,26.942222595214844,797175
2019-04-26,26.906667709350586,27.0755558013916,26.81333351135254,27.008888244628906,774900
2019-04-29,27.008888244628906,27.22222137451172,26.95111083984375,26.995555877685547,819000
2019-04-30,27.040000915527344,27.30666732788086,26.857778549194336,27.244443893432617,1254150
2019-05-01,27.168888092041016,27.440000534057617,27.142221450805664,27.23555564880371,817650
2019-05-02,27.23555564880371,27.41777801513672,27.0755558013916,27.17333221435547,797175
2019-05-03,27.29777717590332,27.44444465637207,27.177778244018555,27.333332061767578,748800
2019-05-06,27.057777404785156,27.431110382080078,26.97333335876465,27.342222213745117,1286100
2019-05-07,27.155555725097656,27.426666259765625,26.95111083984375,27.093332290649414,801000
2019-05-08,27.093332290649414,27.25777816772461,26.884443283081055,26.946666717529297,1719225
2019-05-09,26.795555114746094,27.044443130493164,26.70222282409668,26.95111083984375,1256175
2019-05-10,26.906667709350586,27.31999969482422,26.799999237060547,27.31999969482422,1053900
2019-05-13,27.017778396606445,27.142221450805664,26.884443283081055,27.11111068725586,1159425
2019-05-14,27.13777732849121,27.391111373901367,27.106666564941406,27.248889923095703,1003275
2019-05-15,27.195556640625,27.462221145629883,27.151111602783203,27.364444732666016,1711125
2019-05-16,27.462221145629883,27.657777786254883,27.453332901000977,27.600000381469727,1361475
2019-05-17,27.46666717529297,27.591110229492188,27.399999618530273,27.457778930664062,1204875
2019-05-20,27.448888778686523,27.586666107177734,27.386667251586914,27.50666618347168,721800
2019-05-21,27.568889617919922,27.711111068725586,27.528888702392578,27.559999465942383,1417725
2019-05-22,27.537778854370117,27.697778701782227,27.475555419921875,27.657777786254883,2757825
2019-05-23,27.591110229492188,27.635555267333984,27.28444480895996,27.36888885498047,1593000
2019-05-24,27.435556411743164,27.626667022705078,27.328889846801758,27.58222198486328,946800
2019-05-28,27.595556259155273,27.72888946533203,27.386667251586914,27.404443740844727,1889100
2019-05-29,27.386667251586914,27.622222900390625,27.20888900756836,27.595556259155273,1356750
2019-05-30,27.666667938232422,27.751110076904297,27.49333381652832,27.559999465942383,779400
2019-05-31,27.426666259765625,27.71555519104004,27.36888885498047,27.64444351196289,1268100
2019-06-03,27.684444427490234,27.8799991607666,27.55555534362793,27.85333251953125,1775025
2019-06-04,27.942222595214844,28.040000915527344,27.666667938232422,27.995555877685547,1126575
2019-06-05,28.07111167907715,28.431110382080078,28.0,28.351110458374023,1644525
2019-06-06,28.39555549621582,28.542221069335938,28.28444480895996,28.44444465637207,1058625
2019-06-07,28.520000457763672,28.724443435668945,28.51555633544922,28.58222198486328,1351575
2019-06-10,28.60444450378418,28.675556182861328,28.462221145629883,28.600000381469727,1310400
2019-06-11,28.724443435668945,28.724443435668945,28.275556564331055,28.48444366455078,992250
2019-06-12,28.524444580078125,28.773332595825195,28.520000457763672,28.760000228881836,1421325
2019-06-13,28.88888931274414,28.893333435058594,28.559999465942383,28.831111907958984,1045350
2019-06-14,28.835556030273438,29.204444885253906,28.760000228881836,29.164443969726562,1405125
2019-06-17,28.96444320678711,29.053333282470703,28.795555114746094,28.88888931274414,684225
2019-06-18,28.96444320678711,29.239999771118164,28.87555694580078,29.18666648864746,1234350
2019-06-19,29.23555564880371,29.626667022705078,29.23555564880371,29.511110305786133,1524150
2019-06-20,29.608888626098633,29.724443435668945,29.453332901000977,29.69333267211914,1268325
2019-06-21,29.622222900390625,29.982221603393555,29.440000534057617,29.724443435668945,2571525
2019-06-24,29.74222183227539,30.04888916015625,29.622222900390625,29.648889541625977,1399500
2019-06-25,29.671110153198242,29.835556030273438,29.502222061157227,29.666667938232422,968850
2019-06-26,29.69333267211914,29.72888946533203,28.915555953979492,28.915555953979492,2192850
2019-06-27,28.666667938232422,28.933332443237305,28.542221069335938,28.915555953979492,2304900
2019-06-28,28.98666763305664,29.311111450195312,28.959999084472656,29.302221298217773,2449575
2019-07-01,29.502222061157227,29.524444580078125,29.04888916015625,29.520000457763672,1579500
2019-07-02,29.559999465942383,29.71555519104004,29.360000610351562,29.626667022705078,1389375
2019-07-03,29.737777709960938,29.955556869506836,29.648889541625977,29.933332443237305,624375
2019-07-05,29.933332443237305,29.982221603393555,29.617778778076172,29.982221603393555,965025
2019-07-08,29.906667709350586,30.07111167907715,29.768888473510742,29.9244441986084,844875
2019-07-09,29.884443283081055,30.142221450805664,29.613332748413086,30.128889083862305,1247175
2019-07-10,30.22222137451172,30.546667098999023,30.115556716918945,30.128889083862305,1010925
2019-07-11,30.177778244018555,30.27111053466797,29.946666717529297,30.115556716918945,571725
2019-07-12,30.08888816833496,30.191110610961914,29.906667709350586,30.164443969726562,784350
2019-07-15,30.25777816772461,30.440000534057617,30.182222366333008,30.328889846801758,632925
2019-07-16,30.328889846801758,30.488889694213867,30.311111450195312,30.39555549621582,1092600
2019-07-17,30.328889846801758,30.328889846801758,30.03555679321289,30.13777732849121,936675
2019-07-18,30.177778244018555,30.253332138061523,30.04888916015625,30.151111602783203,1230075
2019-07-19,30.200000762939453,30.20888900756836,29.69333267211914,29.706666946411133,1283850
2019-07-22,29.706666946411133,29.808889389038086,29.520000457763672,29.564443588256836,1120500
2019-07-23,29.546667098999023,29.697778701782227,29.280000686645508,29.586666107177734,1489500
2019-07-24,30.511110305786133,30.768888473510742,29.871110916137695,30.488889694213867,2970900
2019-07-25,30.551111221313477,30.822221755981445,30.382221221923828,30.760000228881836,1215225
2019-07-26,30.768888473510742,31.27111053466797,30.662221908569336,31.253332138061523,1809000
2019-07-29,31.29777717590332,31.435556411743164,30.95111083984375,31.13777732849121,1122975
2019-07-30,31.017778396606445,31.49333381652832,31.017778396606445,31.315555572509766,993600
2019-07-31,31.328889846801758,31.657777786254883,30.457778930664062,30.84000015258789,2473875
2019-08-01,30.733333587646484,31.28444480895996,30.524444580078125,30.577777862548828,1290150
2019-08-02,30.573333740234375,31.128889083862305,30.53333282470703,30.91111183166504,1169775
2019-08-05,30.648889541625977,30.906667709350586,30.040000915527344,30.168888092041016,1257075
2019-08-06,30.20888900756836,30.9777774810791,30.093332290649414,30.96444320678711,1345725
2019-08-07,30.671110153198242,31.399999618530273,30.48444366455078,31.280000686645508,1178775
2019-08-08,31.50666618347168,32.19111251831055,31.462221145629883,31.946666717529297,1715625
2019-08-09,31.8799991607666,32.16444396972656,31.537778854370117,31.85333251953125,767925
2019-08-12,31.724443435668945,32.27555465698242,31.524444580078125,31.639999389648438,1338750
2019-08-13,31.586666107177734,32.186668395996094,31.559999465942383,32.06666564941406,1415700
2019-08-14,31.746667861938477,32.040000915527344,31.20888900756836,31.324443817138672,1395900
2019-08-15,31.426666259765625,31.831111907958984,31.177778244018555,31.559999465942383,1545300
2019-08-16,31.69333267211914,32.17777633666992,31.639999389648438,32.10222244262695,1339200
2019-08-19,32.39555740356445,32.524444580078125,32.11555480957031,32.45333480834961,897750
2019-08-20,32.43555450439453,32.47111129760742,32.0,32.06666564941406,789300
2019-08-21,32.19111251831055,32.19111251831055,31.9022216796875,31.96444320678711,1666125
2019-08-22,31.991111755371094,32.364444732666016,31.733333587646484,32.31111145019531,1274625
2019-08-23,32.20888900756836,32.560001373291016,31.559999465942383,31.688888549804688,951075
2019-08-26,31.897777557373047,32.03555679321289,31.639999389648438,32.03111267089844,1102500
2019-08-27,32.186668395996094,32.279998779296875,31.86222267150879,31.9022216796875,1488600
2019-08-28,31.817777633666992,31.835556030273438,31.559999465942383,31.648889541625977,1129050
2019-08-29,31.893333435058594,32.09333419799805,31.65333366394043,31.91111183166504,1296450
2019-08-30,31.97333335876465,32.137779235839844,31.559999465942383,31.666667938232422,2118375
2019-09-03,31.573333740234375,31.86222267150879,31.55555534362793,31.737777709960938,1321650
2019-09-04,31.995555877685547,32.0977783203125,31.58222198486328,32.0,2141100
2019-09-05,32.19111251831055,32.24444580078125,31.706666946411133,31.968889236450195,1180350
2019-09-06,31.97333335876465,32.27111053466797,31.88888931274414,32.0977783203125,1537875
2019-09-09,32.24444580078125,32.24444580078125,31.46666717529297,31.74222183227539,1409175
2019-09-10,31.737777709960938,31.897777557373047,31.35555648803711,31.475555419921875,2460600
2019-09-11,31.626667022705078,31.893333435058594,31.280000686645508,31.617778778076172,1442475
2019-09-12,31.72888946533203,31.884443283081055,31.48444366455078,31.671110153198242,1123650
2019-09-13,31.751110076904297,31.751110076904297,31.377777099609375,31.551111221313477,997650
2019-09-16,31.364444732666016,31.53333282470703,31.17333221435547,31.511110305786133,1324575
2019-09-17,31.457778930664062,32.0444450378418,31.266666412353516,32.008888244628906,1482075
2019-09-18,31.920000076293945,32.06222152709961,31.657777786254883,31.96444320678711,1189350
2019-09-19,31.968889236450195,32.27111053466797,31.88888931274414,32.00444412231445,1077075
2019-09-20,32.071109771728516,32.133331298828125,31.488889694213867,31.8799991607666,4051800
2019-09-23,31.844444274902344,32.27111053466797,31.773332595825195,32.133331298828125,1201275
2019-09-24,32.204444885253906,32.52000045776367,32.04888916015625,32.17777633666992,1131300
2019-09-25,32.204444885253906,32.36888885498047,32.01333236694336,32.25777816772461,1026900
2019-09-26,32.24444580078125,32.43111038208008,32.057777404785156,32.293331146240234,829575
2019-09-27,32.39555740356445,32.41777801513672,31.733333587646484,31.87555694580078,899775
2019-09-30,31.920000076293945,32.168888092041016,31.724443435668945,32.10222244262695,1336050
2019-10-01,32.22666549682617,32.31111145019531,31.595556259155273,31.60444450378418,939600
2019-10-02,31.440000534057617,31.568889617919922,31.18666648864746,31.435556411743164,1014525
2019-10-03,31.386667251586914,31.639999389648438,31.288888931274414,31.55555534362793,925200
2019-10-04,31.613332748413086,32.182220458984375,31.613332748413086,32.182220458984375,1026900
2019-10-07,32.119998931884766,32.315555572509766,31.844444274902344,32.071109771728516,1140300
2019-10-08,31.8799991607666,31.93777847290039,31.360000610351562,31.373332977294922,883125
2019-10-09,31.573333740234375,31.755556106567383,31.479999542236328,31.635555267333984,831150
2019-10-10,31.63111114501953,31.9244441986084,31.537778854370117,31.697778701782227,750150
2019-10-11,31.915555953979492,32.06222152709961,31.559999465942383,31.586666107177734,1137825
2019-10-14,31.48444366455078,31.671110153198242,31.422222137451172,31.608888626098633,571500
2019-10-15,31.666667938232422,31.82666778564453,31.399999618530273,31.51555633544922,1112400
2019-10-16,31.364444732666016,31.364444732666016,30.915555953979492,31.31999969482422,1154025
2019-10-17,31.404443740844727,31.564443588256836,31.17333221435547,31.479999542236328,1253925
2019-10-18,31.48444366455078,31.808889389038086,31.200000762939453,31.626667022705078,949050
2019-10-21,31.746667861938477,31.804443359375,31.435556411743164,31.51555633544922,997425
2019-10-22,31.31999969482422,31.479999542236328,30.151111602783203,30.155555725097656,5134275
2019-10-23,31.91111183166504,34.462223052978516,31.435556411743164,31.942222595214844,2940750
2019-10-24,32.06666564941406,32.06666564941406,31.333332061767578,31.413333892822266,2062350
2019-10-25,31.399999618530273,31.440000534057617,30.69333267211914,30.86222267150879,1369350
2019-10-28,30.98666763305664,31.08888816833496,30.60444450378418,30.68000030517578,1312875
2019-10-29,30.63111114501953,31.14666748046875,30.551111221313477,30.946666717529297,1422675
2019-10-30,31.031110763549805,31.360000610351562,30.835556030273438,31.20888900756836,807975
2019-10-31,31.079999923706055,31.177778244018555,30.760000228881836,31.066667556762695,1062900
2019-11-01,31.231111526489258,31.293333053588867,30.81333351135254,30.87555694580078,868275
2019-11-04,30.9777774810791,31.044443130493164,30.066667556762695,30.204444885253906,1186200
2019-11-05,30.29777717590332,30.426666259765625,29.96444320678711,30.057777404785156,1059525
2019-11-06,30.128889083862305,30.63111114501953,30.04888916015625,30.573333740234375,1748925
2019-11-07,30.600000381469727,30.666667938232422,29.98666763305664,30.22222137451172,2020725
2019-11-08,30.244443893432617,30.391111373901367,30.11111068725586,30.17333221435547,964575
2019-11-11,30.008888244628906,30.34666633605957,30.008888244628906,30.311111450195312,983475
2019-11-12,30.435556411743164,30.448888778686523,30.11111068725586,30.25777816772461,1017450
2019-11-13,30.1200008392334,30.74222183227539,30.0222225189209,30.479999542236328,1112625
2019-11-14,30.448888778686523,30.520000457763672,30.23555564880371,30.426666259765625,993825
2019-11-15,30.488889694213867,30.799999237060547,30.11111068725586,30.155555725097656,1385550
2019-11-18,30.084444046020508,30.453332901000977,30.084444046020508,30.404443740844727,1122075
2019-11-19,30.471111297607422,31.102222442626953,30.408889770507812,30.91111183166504,2070225
2019-11-20,30.817777633666992,31.128889083862305,30.662221908569336,30.98666763305664,2195100
2019-11-21,30.72888946533203,30.808889389038086,30.11111068725586,30.128889083862305,1041750
2019-11-22,30.102222442626953,30.324443817138672,30.102222442626953,30.20888900756836,917775
2019-11-25,30.239999771118164,30.475555419921875,30.12444305419922,30.293333053588867,1323900
2019-11-26,30.351110458374023,30.782222747802734,30.34666633605957,30.77777862548828,2175975
2019-11-27,30.86222267150879,30.9022216796875,30.639999389648438,30.74222183227539,1704150
2019-11-29,30.248889923095703,30.600000381469727,30.182222366333008,30.22222137451172,4805550
2019-12-02,30.333332061767578,30.488889694213867,30.053333282470703,30.382221221923828,4291650
2019-12-03,30.11111068725586,30.333332061767578,29.995555877685547,30.231111526489258,3785175
2019-12-04,30.155555725097656,30.76444435119629,30.0755558013916,30.324443817138672,80003250
2019-12-05,30.768888473510742,31.0222225189209,30.58222198486328,30.982221603393555,3830850
2019-12-06,31.168888092041016,31.275556564331055,30.96444320678711,31.151111602783203,2538450
2019-12-09,31.213333129882812,31.328889846801758,31.053333282470703,31.177778244018555,2183175
2019-12-10,31.142221450805664,31.30666732788086,31.01333236694336,31.0755558013916,1757025
2019-12-11,31.248889923095703,31.248889923095703,30.79111099243164,30.915555953979492,1610100
2019-12-12,30.871110916137695,31.133333206176758,30.786666870117188,30.933332443237305,1393875
2019-12-13,30.795555114746094,31.004444122314453,30.751110076904297,30.915555953979492,1968300
2019-12-16,31.053333282470703,31.0755558013916,30.69333267211914,30.786666870117188,2226600
2019-12-17,30.799999237060547,31.03555679321289,30.733333587646484,30.920000076293945,3084525
2019-12-18,30.95111083984375,30.95111083984375,30.617778778076172,30.719999313354492,2705850
2019-12-19,30.751110076904297,30.786666870117188,30.48444366455078,30.551111221313477,1254600
2019-12-20,30.835556030273438,30.8799991607666,30.528888702392578,30.635555267333984,2794275
2019-12-23,30.733333587646484,30.795555114746094,30.280000686645508,30.399999618530273,980100
2019-12-24,30.435556411743164,30.551111221313477,30.28444480895996,30.408889770507812,293625
2019-12-26,30.46666717529297,30.608888626098633,30.29777717590332,30.431110382080078,677700
2019-12-27,30.46666717529297,30.502222061157227,30.342222213745117,30.475555419921875,943875
2019-12-30,30.542221069335938,30.573333740234375,30.386667251586914,30.502222061157227,1175625
2019-12-31,30.51555633544922,30.71555519104004,30.49333381652832,30.711111068725586,1916550
2020-01-02,30.884443283081055,30.884443283081055,30.404443740844727,30.648889541625977,1965375
2020-01-03,30.377777099609375,30.746667861938477,30.293333053588867,30.688888549804688,986400
2020-01-06,30.50666618347168,30.666667938232422,30.408889770507812,30.64444351196289,1463625
2020-01-07,30.586666107177734,30.622222900390625,30.066667556762695,30.084444046020508,1543950
2020-01-08,30.133333206176758,30.48444366455078,30.106666564941406,30.29777717590332,1292625
2020-01-09,30.386667251586914,30.497777938842773,30.204444885253906,30.475555419921875,2037375
2020-01-10,30.462221145629883,30.46666717529297,30.106666564941406,30.15999984741211,1396125
2020-01-13,30.093332290649414,30.391111373901367,30.08888816833496,30.27111053466797,2031975
2020-01-14,30.20888900756836,30.51555633544922,30.0977783203125,30.351110458374023,2344725
2020-01-15,30.324443817138672,30.746667861938477,30.315555572509766,30.64444351196289,1019250
2020-01-16,30.70222282409668,31.0,30.63111114501953,30.991111755371094,1159200
2020-01-17,31.066667556762695,31.27111053466797,30.9777774810791,31.27111053466797,1744425
2020-01-21,31.151111602783203,31.275556564331055,30.946666717529297,31.044443130493164,1549125
2020-01-22,31.600000381469727,31.724443435668945,31.404443740844727,31.662221908569336,2153475
2020-01-23,31.511110305786133,31.746667861938477,31.195556640625,31.724443435668945,1501425
2020-01-24,31.71555519104004,32.0533332824707,31.69333267211914,32.03111267089844,1510200
2020-01-27,31.795555114746094,32.022220611572266,31.724443435668945,31.817777633666992,1657350
2020-01-28,31.88888931274414,32.33333206176758,31.88888931274414,32.16444396972656,2164050
2020-01-29,32.37333297729492,32.64444351196289,31.639999389648438,32.33333206176758,2270475
2020-01-30,32.17777633666992,33.182220458984375,32.0533332824707,33.14666748046875,1681200
2020-01-31,33.03111267089844,33.24444580078125,32.551109313964844,32.68000030517578,2114550
2020-02-03,32.866668701171875,33.28444290161133,32.82222366333008,33.06222152709961,2238300
2020-02-04,33.2400016784668,33.70222091674805,33.12444305419922,33.26222229003906,1689750
2020-02-05,33.47111129760742,33.893333435058594,33.38222122192383,33.862220764160156,1448325
2020-02-06,33.91999816894531,34.39555740356445,33.91999816894531,34.302223205566406,1435275
2020-02-07,34.2400016784668,34.63999938964844,34.195556640625,34.58222198486328,1830600
2020-02-10,34.60444259643555,35.01777648925781,34.59555435180664,35.00444412231445,1803825
2020-02-11,35.0444450378418,35.293331146240234,35.03555679321289,35.235557556152344,1739925
2020-02-12,35.19111251831055,35.19111251831055,34.87555694580078,34.95111083984375,1174500
2020-02-13,34.9022216796875,35.25777816772461,34.804443359375,35.253334045410156,1635300
2020-02-14,35.253334045410156,35.30666732788086,35.03555679321289,35.28889083862305,1804725
2020-02-18,35.28889083862305,35.475555419921875,35.15999984741211,35.27111053466797,1665225
2020-02-19,35.342220306396484,35.52000045776367,35.235557556152344,35.32444381713867,1076850
2020-02-20,35.195556640625,35.293331146240234,34.45333480834961,34.697776794433594,2260350
2020-02-21,34.66222381591797,35.057777404785156,34.608890533447266,34.9555549621582,7591500
2020-02-24,34.59111022949219,34.862220764160156,34.20000076293945,34.2400016784668,2603700
2020-02-25,34.24444580078125,34.38666534423828,33.364444732666016,33.40888977050781,2135475
2020-02-26,33.54222106933594,33.8488883972168,32.893333435058594,32.90666580200195,2165175
2020-02-27,32.524444580078125,32.764442443847656,31.06222152709961,31.106666564941406,2305575
2020-02-28,30.440000534057617,30.684444427490234,29.386667251586914,29.84000015258789,4946175
2020-03-02,29.9022216796875,31.204444885253906,29.58222198486328,31.200000762939453,2616750
2020-03-03,31.155555725097656,31.657777786254883,30.066667556762695,30.204444885253906,2629575
2020-03-04,30.71555519104004,31.12444305419922,30.057777404785156,31.1200008392334,2956500
2020-03-05,30.386667251586914,30.431110382080078,29.440000534057617,29.684444427490234,2936925
2020-03-06,28.737777709960938,29.617778778076172,28.488889694213867,29.440000534057617,2824875
2020-03-09,27.871110916137695,27.871110916137695,26.351110458374023,26.799999237060547,3455100
2020-03-10,27.462221145629883,28.07111167907715,26.72888946533203,28.04888916015625,2855475
2020-03-11,27.204444885253906,27.28444480895996,25.719999313354492,25.844444274902344,3746475
2020-03-12,24.079999923706055,24.502222061157227,22.711111068725586,22.866666793823242,4585050
2020-03-13,23.991111755371094,25.066667556762695,22.462221145629883,24.968889236450195,3541725
2020-03-16,22.040000915527344,23.551111221313477,20.897777557373047,21.115556716918945,4749750
2020-03-17,21.69333267211914,23.671110153198242,20.897777557373047,23.639999389648438,4487850
2020-03-18,22.17333221435547,23.408889770507812,21.11111068725586,22.551111221313477,4584150
2020-03-19,22.248889923095703,22.613332748413086,21.337778091430664,21.53333282470703,2938275
2020-03-20,21.613332748413086,22.23555564880371,20.995555877685547,21.14666748046875,4101300
2020-03-23,20.786666870117188,21.040000915527344,19.133333206176758,19.27111053466797,3614625
2020-03-24,20.231111526489258,21.471111297607422,19.933332443237305,21.377777099609375,2660175
2020-03-25,21.275556564331055,22.07111167907715,20.302221298217773,21.1200008392334,2473425
2020-03-26,21.28444480895996,22.74222183227539,20.822221755981445,22.58222198486328,2086650
2020-03-27,22.1200008392334,23.799999237060547,21.74222183227539,23.053333282470703,2201400
2020-03-30,23.053333282470703,24.311111450195312,22.399999618530273,24.226667404174805,2807550
2020-03-31,23.822221755981445,24.07111167907715,22.688888549804688,23.18666648864746,6773625
2020-04-01,22.07111167907715,22.617778778076172,21.87555694580078,22.328889846801758,3004650
2020-04-02,22.053333282470703,23.151111602783203,22.008888244628906,22.524444580078125,3222225
2020-04-03,22.213333129882812,22.639999389648438,21.884443283081055,21.991111755371094,2794050
2020-04-06,23.031110763549805,24.053333282470703,22.799999237060547,23.8799991607666,2679300
2020-04-07,24.79111099243164,25.50666618347168,23.893333435058594,23.920000076293945,2634750
2020-04-08,24.164443969726562,24.648889541625977,23.613332748413086,24.542221069335938,1743975
2020-04-09,24.920000076293945,26.200000762939453,24.920000076293945,25.920000076293945,1545975
2020-04-13,25.933332443237305,25.933332443237305,25.040000915527344,25.200000762939453,1971450
2020-04-14,25.88888931274414,26.377777099609375,25.751110076904297,26.08888816833496,1716975
2020-04-15,25.333332061767578,25.46666717529297,24.564443588256836,24.76444435119629,2520225
2020-04-16,24.662221908569336,24.968889236450195,23.884443283081055,24.288888931274414,2038725
2020-04-17,25.084444046020508,25.48444366455078,24.755556106567383,25.328889846801758,2555100
2020-04-20,24.871110916137695,24.9244441986084,24.22222137451172,24.55555534362793,1725750
2020-04-21,23.920000076293945,24.275556564331055,23.63111114501953,23.711111068725586,1859175
2020-04-22,23.431110382080078,24.151111602783203,22.568889617919922,22.79111099243164,4732200
2020-04-23,22.884443283081055,23.07111167907715,22.288888931274414,22.288888931274414,2223900
2020-04-24,22.431110382080078,22.551111221313477,21.871110916137695,22.328889846801758,2465325
2020-04-27,22.373332977294922,23.600000381469727,22.36888885498047,23.511110305786133,1900575
2020-04-28,24.115556716918945,24.31999969482422,23.719999313354492,24.0222225189209,2335950
2020-04-29,24.528888702392578,25.302221298217773,24.244443893432617,24.97333335876465,1928475
2020-04-30,24.462221145629883,24.577777862548828,23.96444320678711,24.0,1893600
2020-05-01,23.524444580078125,23.577777862548828,22.733333587646484,22.866666793823242,1503000
2020-05-04,22.60444450378418,22.8799991607666,22.36888885498047,22.835556030273438,1715850
2020-05-05,23.053333282470703,23.648889541625977,22.991111755371094,23.0,1725300
2020-05-06,23.106666564941406,23.20888900756836,22.204444885253906,22.213333129882812,2408175
2020-05-07,22.440000534057617,23.20888900756836,22.435556411743164,22.724443435668945,2133225
2020-05-08,23.15999984741211,23.25777816772461,22.53333282470703,22.991111755371094,1637550
2020-05-11,22.671110153198242,22.98666763305664,22.275556564331055,22.657777786254883,1577025
2020-05-12,22.72888946533203,22.844444274902344,21.915555953979492,21.95111083984375,1862100
2020-05-13,21.688888549804688,21.751110076904297,20.72888946533203,20.86222267150879,2666475
2020-05-14,20.586666107177734,21.217777252197266,20.11111068725586,21.066667556762695,2970450
2020-05-15,20.831111907958984,21.373332977294922,20.542221069335938,21.213333129882812,8006850
2020-05-18,22.151111602783203,23.262222290039062,22.004444122314453,23.0755558013916,3273075
2020-05-19,22.97333335876465,23.164443969726562,22.697778701782227,22.808889389038086,1858500
2020-05-20,23.02666664123535,23.86222267150879,22.955556869506836,23.737777709960938,1824300
2020-05-21,23.648889541625977,24.85333251953125,23.648889541625977,24.76444435119629,2422125
2020-05-22,24.831111907958984,25.133333206176758,24.488889694213867,25.08888816833496,2174175
2020-05-26,26.02666664123535,26.22222137451172,25.502222061157227,25.568889617919922,2022750
2020-05-27,26.462221145629883,26.648889541625977,25.733333587646484,26.017778396606445,2078775
2020-05-28,26.475555419921875,26.475555419921875,25.68000030517578,25.835556030273438,1712475
2020-05-29,25.63111114501953,26.004444122314453,25.440000534057617,25.755556106567383,2891700
2020-06-01,25.684444427490234,25.808889389038086,25.244443893432617,25.760000228881836,1236600
2020-06-02,25.72888946533203,26.586666107177734,25.63111114501953,26.502222061157227,1779300
2020-06-03,26.737777709960938,27.28444480895996,26.55555534362793,26.760000228881836,2474325
2020-06-04,26.626667022705078,27.333332061767578,26.413333892822266,27.29777717590332,1894950
2020-06-05,28.497777938842773,28.808889389038086,27.942222595214844,28.382221221923828,2103300
2020-06-08,28.44444465637207,29.066667556762695,28.44444465637207,29.06222152709961,1838700
2020-06-09,28.431110382080078,28.72888946533203,27.946666717529297,27.995555877685547,1246050
2020-06-10,27.746667861938477,27.991111755371094,26.657777786254883,26.71555519104004,2457225
2020-06-11,25.91111183166504,26.217777252197266,24.835556030273438,24.91111183166504,2331000
2020-06-12,25.906667709350586,25.98666763305664,24.755556106567383,25.342222213745117,1867050
2020-06-15,24.44444465637207,26.004444122314453,24.200000762939453,25.897777557373047,1984725
2020-06-16,26.906667709350586,26.906667709350586,25.755556106567383,26.02666664123535,1532700
2020-06-17,26.040000915527344,26.195556640625,25.65333366394043,25.920000076293945,2252700
2020-06-18,25.58222198486328,26.25777816772461,25.520000457763672,25.946666717529297,1795275
2020-06-19,26.46666717529297,26.46666717529297,25.64444351196289,26.07111167907715,4223925
2020-06-22,25.733333587646484,25.848888397216797,25.386667251586914,25.648889541625977,1194300
2020-06-23,26.084444046020508,26.226667404174805,25.586666107177734,25.617778778076172,1509750
2020-06-24,25.191110610961914,25.231111526489258,24.440000534057617,24.773332595825195,1467000
2020-06-25,24.799999237060547,25.391111373901367,24.435556411743164,25.324443817138672,1392975
2020-06-26,25.03555679321289,25.293333053588867,24.448888778686523,24.626667022705078,2680650
2020-06-29,25.02666664123535,25.200000762939453,24.65333366394043,25.102222442626953,1476900
2020-06-30,24.968889236450195,25.617778778076172,24.968889236450195,25.462221145629883,2413800
2020-07-01,25.431110382080078,25.773332595825195,25.244443893432617,25.34666633605957,1691100
2020-07-02,25.897777557373047,26.01333236694336,25.04888916015625,25.0977783203125,1238850
2020-07-06,25.688888549804688,25.831111907958984,25.333332061767578,25.440000534057617,1083150
2020-07-07,25.18666648864746,25.635555267333984,25.12444305419922,25.217777252197266,1578600
2020-07-08,25.14666748046875,25.51555633544922,24.93777847290039,25.23555564880371,1391175
2020-07-09,25.1200008392334,25.182222366333008,24.50666618347168,24.799999237060547,1645200
2020-07-10,24.684444427490234,25.808889389038086,24.684444427490234,25.69333267211914,1539675
2020-07-13,25.87555694580078,26.440000534057617,25.74222183227539,26.017778396606445,2018925
2020-07-14,26.031110763549805,26.69333267211914,25.9244441986084,26.626667022705078,1570275
2020-07-15,27.168888092041016,27.568889617919922,26.91111183166504,27.39555549621582,2225700
2020-07-16,27.386667251586914,28.422222137451172,27.328889846801758,28.155555725097656,2259225
2020-07-17,28.20888900756836,28.360000610351562,27.87555694580078,28.239999771118164,1938825
2020-07-20,28.142221450805664,28.328889846801758,27.897777557373047,28.177778244018555,2000925
2020-07-21,28.266666412353516,28.782222747802734,28.266666412353516,28.453332901000977,1911150
2020-07-22,28.635555267333984,29.128889083862305,28.27111053466797,28.413333892822266,3779550
2020-07-23,28.373332977294922,28.831111907958984,28.15999984741211,28.666667938232422,1647675
2020-07-24,28.77777862548828,28.808889389038086,28.328889846801758,28.426666259765625,1554525
2020-07-27,28.302221298217773,28.44444465637207,27.77777862548828,27.942222595214844,1611900
2020-07-28,27.831111907958984,28.004444122314453,27.568889617919922,27.64444351196289,1329750
2020-07-29,27.600000381469727,28.182222366333008,27.551111221313477,28.177778244018555,1254150
2020-07-30,27.608888626098633,27.91111183166504,27.337778091430664,27.688888549804688,1088775
2020-07-31,27.546667098999023,27.635555267333984,27.004444122314453,27.44444465637207,1487475
2020-08-03,27.50666618347168,27.79111099243164,27.29777717590332,27.617778778076172,1133325
2020-08-04,27.551111221313477,27.58222198486328,27.115556716918945,27.200000762939453,1135350
2020-08-05,27.462221145629883,27.768888473510742,27.404443740844727,27.528888702392578,1290150
2020-08-06,27.435556411743164,27.706666946411133,27.382221221923828,27.639999389648438,1436625
2020-08-07,27.475555419921875,28.422222137451172,27.448888778686523,28.39555549621582,1195650
2020-08-10,28.48444366455078,28.848888397216797,28.191110610961914,28.613332748413086,1313550
2020-08-11,29.03555679321289,29.315555572509766,28.17333221435547,28.253332138061523,2055825
2020-08-12,28.666667938232422,28.666667938232422,28.03555679321289,28.03555679321289,1149075
2020-08-13,27.751110076904297,28.057777404785156,27.502222061157227,27.933332443237305,1012725
2020-08-14,27.755556106567383,28.040000915527344,27.586666107177734,27.68000030517578,1179675
2020-08-17,27.537778854370117,27.573333740234375,26.884443283081055,27.07111167907715,1465425
2020-08-18,27.182222366333008,27.471111297607422,27.164443969726562,27.226667404174805,1233900
2020-08-19,27.302221298217773,27.408889770507812,26.857778549194336,26.946666717529297,1278000
2020-08-20,26.64444351196289,27.008888244628906,26.573333740234375,26.737777709960938,1158075
2020-08-21,26.72888946533203,27.0222225189209,26.65333366394043,26.746667861938477,1066500
2020-08-24,26.85333251953125,27.391111373901367,26.835556030273438,27.382221221923828,1013625
2020-08-25,27.622222900390625,27.671110153198242,27.253332138061523,27.377777099609375,1277550
2020-08-26,27.31999969482422,27.577777862548828,27.017778396606445,27.351110458374023,1386225
2020-08-27,27.453332901000977,28.29777717590332,27.453332901000977,28.102222442626953,1934550
2020-08-28,28.324443817138672,28.324443817138672,27.724443435668945,28.0,1258425
2020-08-31,27.91111183166504,27.995555877685547,27.39555549621582,27.577777862548828,1993950
2020-09-01,27.373332977294922,27.85333251953125,27.364444732666016,27.835556030273438,1071900
2020-09-02,27.8799991607666,28.422222137451172,27.666667938232422,28.293333053588867,1025550
2020-09-03,28.537778854370117,29.066667556762695,27.755556106567383,27.991111755371094,2206575
2020-09-04,28.49333381652832,28.724443435668945,27.72888946533203,27.97333335876465,1541700
2020-09-08,27.711111068725586,27.968889236450195,27.29777717590332,27.69333267211914,1937250
2020-09-09,27.98666763305664,28.511110305786133,27.86222267150879,28.23555564880371,1645200
2020-09-10,28.275556564331055,28.36888885498047,27.666667938232422,27.719999313354492,1350000
2020-09-11,27.831111907958984,28.12444305419922,27.675556182861328,27.946666717529297,1003275
2020-09-14,28.04888916015625,28.586666107177734,27.9244441986084,28.377777099609375,1421325
2020-09-15,28.511110305786133,28.63111114501953,28.079999923706055,28.151111602783203,1025325
2020-09-16,28.20888900756836,28.77777862548828,28.20888900756836,28.46666717529297,1234575
2020-09-17,28.34666633605957,28.448888778686523,27.93777847290039,28.262222290039062,1951425
2020-09-18,28.142221450805664,28.577777862548828,27.799999237060547,27.844444274902344,2967300
2020-09-21,27.302221298217773,27.46666717529297,26.528888702392578,27.17333221435547,2750175
2020-09-22,27.128889083862305,27.622222900390625,27.07111167907715,27.30666732788086,1460025
2020-09-23,27.399999618530273,27.520000457763672,26.46666717529297,26.471111297607422,1491075
2020-09-24,26.546667098999023,27.0755558013916,26.151111602783203,26.586666107177734,1254600
2020-09-25,26.324443817138672,26.959999084472656,26.324443817138672,26.915555953979492,1138950
2020-09-28,27.391111373901367,27.684444427490234,27.262222290039062,27.386667251586914,1457100
2020-09-29,27.30666732788086,27.448888778686523,26.719999313354492,27.0977783203125,1504800
2020-09-30,27.27111053466797,27.520000457763672,26.942222595214844,27.177778244018555,1932300
2020-10-01,27.23555564880371,27.364444732666016,26.74222183227539,27.017778396606445,1150875
2020-10-02,26.626667022705078,27.422222137451172,26.626667022705078,27.231111526489258,841050
2020-10-05,27.524444580078125,27.69333267211914,27.404443740844727,27.573333740234375,977625
2020-10-06,27.706666946411133,27.86222267150879,27.217777252197266,27.351110458374023,1216125
2020-10-07,27.511110305786133,27.76444435119629,27.204444885253906,27.471111297607422,1036575
2020-10-08,27.626667022705078,28.0977783203125,27.51555633544922,28.079999923706055,775800
2020-10-09,28.27111053466797,28.422222137451172,28.0,28.008888244628906,1485000
2020-10-12,28.044443130493164,28.69333267211914,27.884443283081055,28.63111114501953,889425
2020-10-13,28.364444732666016,28.542221069335938,27.600000381469727,27.70222282409668,931950
2020-10-14,27.666667938232422,28.04888916015625,27.422222137451172,27.426666259765625,966825
2020-10-15,27.14666748046875,27.69333267211914,26.9777774810791,27.58222198486328,1506600
2020-10-16,27.63111114501953,27.92888832092285,27.471111297607422,27.577777862548828,1448100
2020-10-19,27.684444427490234,28.040000915527344,27.13777732849121,27.204444885253906,1458225
2020-10-20,27.497777938842773,28.293333053588867,27.462221145629883,28.0977783203125,2036700
2020-10-21,28.213333129882812,29.280000686645508,28.213333129882812,28.93777847290039,2820375
2020-10-22,28.9244441986084,29.475555419921875,28.724443435668945,29.337778091430664,1944450
2020-10-23,29.435556411743164,29.573333740234375,28.915555953979492,29.20888900756836,1223100
2020-10-26,28.88888931274414,28.915555953979492,28.177778244018555,28.35555648803711,1433475
2020-10-27,28.35555648803711,28.39555549621582,27.288888931274414,27.30666732788086,1513350
2020-10-28,26.906667709350586,27.488889694213867,26.906667709350586,26.991111755371094,1791225
2020-10-29,26.906667709350586,27.595556259155273,26.622222900390625,27.128889083862305,2160900
2020-10-30,27.03555679321289,27.364444732666016,26.49333381652832,26.719999313354492,2206125
2020-11-02,27.23555564880371,27.600000381469727,26.995555877685547,27.55555534362793,2201625
2020-11-03,28.057777404785156,28.44444465637207,27.955556869506836,28.239999771118164,1894500
2020-11-04,27.733333587646484,28.524444580078125,27.551111221313477,27.71555519104004,2473650
2020-11-05,27.835556030273438,28.46666717529297,27.782222747802734,27.955556869506836,1441575
2020-11-06,28.128889083862305,28.244443893432617,27.551111221313477,27.591110229492188,1509075
2020-11-09,29.568889617919922,31.06222152709961,29.559999465942383,30.76444435119629,3165075
2020-11-10,30.88888931274414,31.537778854370117,30.697778701782227,31.373332977294922,2275425
2020-11-11,31.479999542236328,31.479999542236328,30.817777633666992,31.08888816833496,1660725
2020-11-12,30.70222282409668,30.782222747802734,30.057777404785156,30.31999969482422,1055250
2020-11-13,30.537778854370117,30.844444274902344,30.333332061767578,30.608888626098633,1050750
2020-11-16,31.386667251586914,31.457778930664062,30.906667709350586,31.324443817138672,1131300
2020-11-17,30.96444320678711,31.22222137451172,30.648889541625977,31.15999984741211,1199250
2020-11-18,31.25777816772461,31.399999618530273,30.622222900390625,30.626667022705078,1365750
2020-11-19,30.351110458374023,30.351110458374023,29.386667251586914,29.71555519104004,3755250
2020-11-20,29.608888626098633,29.915555953979492,28.795555114746094,29.102222442626953,2868300
2020-11-23,29.391111373901367,29.41777801513672,28.648889541625977,28.98666763305664,3044925
2020-11-24,29.48444366455078,29.884443283081055,29.115556716918945,29.262222290039062,2540475
2020-11-25,29.0,29.07111167907715,28.44444465637207,28.871110916137695,3972375
2020-11-27,28.822221755981445,28.955556869506836,28.422222137451172,28.626667022705078,2253150
2020-11-30,28.44444465637207,28.959999084472656,28.053333282470703,28.946666717529297,23978700
2020-12-01,29.524444580078125,30.239999771118164,29.333332061767578,30.017778396606445,3422250
2020-12-02,29.848888397216797,30.115556716918945,29.377777099609375,29.9022216796875,2155050
2020-12-03,29.9022216796875,30.13777732849121,29.551111221313477,29.755556106567383,2704275
2020-12-04,29.920000076293945,30.0755558013916,29.68000030517578,30.040000915527344,1272600
2020-12-07,29.70222282409668,29.884443283081055,28.915555953979492,28.982221603393555,1438650
2020-12-08,28.768888473510742,29.20888900756836,28.76444435119629,28.93777847290039,1008225
2020-12-09,28.968889236450195,29.17333221435547,28.595556259155273,28.920000076293945,1846575
2020-12-10,28.755556106567383,29.11111068725586,28.666667938232422,28.817777633666992,1559475
2020-12-11,28.666667938232422,29.182222366333008,28.617778778076172,28.795555114746094,1670625
2020-12-14,29.079999923706055,29.17333221435547,28.479999542236328,28.49333381652832,2052000
2020-12-15,28.69333267211914,29.324443817138672,28.542221069335938,29.231111526489258,1149075
2020-12-16,29.333332061767578,29.524444580078125,29.133333206176758,29.351110458374023,1174725
2020-12-17,29.475555419921875,29.70222282409668,29.275556564331055,29.662221908569336,1638450
2020-12-18,29.697778701782227,29.893333435058594,29.217777252197266,29.457778930664062,3115125
2020-12-21,29.440000534057617,29.542221069335938,28.622222900390625,29.08888816833496,1433925
2020-12-22,29.0,29.239999771118164,28.9244441986084,29.057777404785156,1107225
2020-12-23,29.275556564331055,29.626667022705078,29.25777816772461,29.324443817138672,1028700
2020-12-24,29.399999618530273,29.462221145629883,28.96444320678711,29.377777099609375,336375
2020-12-28,29.502222061157227,29.591110229492188,29.280000686645508,29.373332977294922,1213425
2020-12-29,29.528888702392578,29.551111221313477,29.0755558013916,29.213333129882812,895500
2020-12-30,29.288888931274414,29.64444351196289,29.288888931274414,29.377777099609375,822825
2020-12-31,29.435556411743164,29.577777862548828,29.14666748046875,29.520000457763672,1686150
2021-01-04,29.559999465942383,29.63111114501953,28.773332595825195,28.86222267150879,2181150
2021-01-05,28.8799991607666,29.07111167907715,28.426666259765625,28.613332748413086,1434600
2021-01-06,29.0755558013916,29.817777633666992,28.959999084472656,29.595556259155273,3643200
2021-01-07,29.751110076904297,29.81333351135254,29.13777732849121,29.337778091430664,2280825
2021-01-08,29.795555114746094,29.884443283081055,29.079999923706055,29.49333381652832,5449050
2021-01-11,29.448888778686523,29.755556106567383,29.337778091430664,29.497777938842773,2053575
2021-01-12,29.520000457763672,30.08888816833496,29.462221145629883,29.88888931274414,2400975
2021-01-13,29.848888397216797,30.18666648864746,29.524444580078125,29.58222198486328,2586600
2021-01-14,29.635555267333984,29.684444427490234,29.15999984741211,29.337778091430664,1131300
2021-01-15,29.18666648864746,29.511110305786133,28.906667709350586,29.39555549621582,1304775
2021-01-19,29.528888702392578,29.573333740234375,29.164443969726562,29.164443969726562,1555200
2021-01-20,29.06222152709961,29.711111068725586,28.91111183166504,29.626667022705078,1380150
2021-01-21,29.55555534362793,29.955556869506836,29.50666618347168,29.595556259155273,2220525
2021-01-22,29.27111053466797,29.413333892822266,28.871110916137695,29.280000686645508,1243125
2021-01-25,28.968889236450195,29.600000381469727,28.91111183166504,29.360000610351562,2105100
2021-01-26,29.422222137451172,29.524444580078125,28.866666793823242,28.866666793823242,1759050
2021-01-27,28.600000381469727,29.03555679321289,27.328889846801758,27.39555549621582,4480425
2021-01-28,27.586666107177734,28.311111450195312,27.564443588256836,28.115556716918945,1959975
2021-01-29,27.897777557373047,28.066667556762695,27.431110382080078,27.617778778076172,1858500
2021-02-01,27.782222747802734,28.226667404174805,27.751110076904297,27.955556869506836,2094750
2021-02-02,28.177778244018555,28.666667938232422,28.14666748046875,28.422222137451172,998325
2021-02-03,28.440000534057617,28.657777786254883,28.040000915527344,28.266666412353516,1557450
2021-02-04,28.35555648803711,28.955556869506836,28.35555648803711,28.884443283081055,1082025
2021-02-05,29.04888916015625,29.315555572509766,28.955556869506836,29.22222137451172,2313450
2021-02-08,29.30666732788086,29.46666717529297,29.200000762939453,29.382221221923828,1696275
2021-02-09,29.404443740844727,30.02666664123535,29.404443740844727,29.88888931274414,1100925
2021-02-10,29.88888931274414,30.20888900756836,29.724443435668945,30.0222225189209,1930275
2021-02-11,30.031110763549805,30.511110305786133,30.031110763549805,30.471111297607422,1674225
2021-02-12,30.44444465637207,30.711111068725586,29.866666793823242,30.168888092041016,1420425
2021-02-16,30.328889846801758,30.391111373901367,29.88888931274414,30.226667404174805,1353600
2021-02-17,30.08888816833496,30.382221221923828,30.044443130493164,30.168888092041016,1334025
2021-02-18,30.004444122314453,30.133333206176758,29.559999465942383,29.831111907958984,2046375
2021-02-19,29.933332443237305,30.36888885498047,29.84000015258789,30.168888092041016,1627650
2021-02-22,30.168888092041016,30.337778091430664,29.946666717529297,30.30666732788086,1958400
2021-02-23,30.568889617919922,30.92888832092285,30.39555549621582,30.724443435668945,1454850
2021-02-24,31.342222213745117,32.11111068725586,31.18666648864746,31.671110153198242,2440575
2021-02-25,31.82666778564453,31.97333335876465,31.008888244628906,31.01333236694336,1287675
2021-02-26,30.98666763305664,31.266666412353516,30.746667861938477,30.81333351135254,2719125
2021-03-01,31.25777816772461,31.502222061157227,31.12444305419922,31.168888092041016,1759275
2021-03-02,31.07111167907715,31.666667938232422,31.07111167907715,31.324443817138672,1473300
2021-03-03,31.342222213745117,32.17777633666992,31.239999771118164,31.773332595825195,1605150
2021-03-04,31.697778701782227,32.040000915527344,31.151111602783203,31.413333892822266,1339425
2021-03-05,31.822221755981445,32.51555633544922,31.391111373901367,32.426666259765625,1500975
2021-03-08,32.648887634277344,33.657779693603516,32.475555419921875,33.19111251831055,1091250
2021-03-09,32.80888748168945,33.36888885498047,32.20888900756836,32.95111083984375,2237625
2021-03-10,32.831111907958984,33.93333435058594,32.831111907958984,33.77777862548828,1966275
2021-03-11,33.497779846191406,34.08000183105469,33.2488899230957,33.77777862548828,3029850
2021-03-12,34.253334045410156,34.36000061035156,33.795555114746094,34.0444450378418,1819800
2021-03-15,34.01777648925781,34.33333206176758,33.813331604003906,34.25777816772461,2282175
2021-03-16,33.88444519042969,34.06222152709961,33.56888961791992,33.87111282348633,1342125
2021-03-17,34.106666564941406,34.168888092041016,33.59111022949219,33.79111099243164,3152700
2021-03-18,34.00444412231445,34.38666534423828,33.68000030517578,33.942222595214844,3154050
2021-03-19,33.671112060546875,33.915557861328125,32.893333435058594,32.942222595214844,4863150
2021-03-22,32.75555419921875,33.01777648925781,32.43111038208008,32.56444549560547,1675800
2021-03-23,32.377777099609375,32.720001220703125,32.31111145019531,32.51555633544922,1590750
2021-03-24,32.75555419921875,33.524444580078125,32.75555419921875,33.12888717651367,1398600
2021-03-25,33.1422233581543,33.61333465576172,32.82222366333008,33.45333480834961,1275075
2021-03-26,33.7511100769043,33.7511100769043,33.36888885498047,33.697776794433594,1136250
2021-03-29,33.52000045776367,33.84000015258789,33.38222122192383,33.72888946533203,874125
2021-03-30,33.813331604003906,34.022220611572266,33.61333465576172,33.91999816894531,914625
2021-03-31,33.70222091674805,33.82222366333008,33.37333297729492,33.488887786865234,1726650
2021-04-01,33.31111145019531,34.01777648925781,33.22666549682617,33.99555587768555,1777500
2021-04-05,34.119998931884766,34.47111129760742,34.088890075683594,34.315555572509766,1168875
2021-04-06,34.351112365722656,34.6533317565918,34.231109619140625,34.635555267333984,1119600
2021-04-07,34.9555549621582,35.25777816772461,34.60444259643555,34.924442291259766,2112300
2021-04-08,34.764442443847656,35.19111251831055,34.746665954589844,35.01333236694336,1318050
2021-04-09,35.3466682434082,35.488887786865234,35.075557708740234,35.38666534423828,1171800
2021-04-12,35.38666534423828,35.45333480834961,35.106666564941406,35.35555648803711,1774800
2021-04-13,35.2400016784668,35.2400016784668,34.782222747802734,34.98666763305664,1391400
2021-04-14,34.973331451416016,35.36888885498047,34.831111907958984,35.328887939453125,1413900
2021-04-15,35.36888885498047,35.537776947021484,35.195556640625,35.293331146240234,1350000
2021-04-16,35.55555725097656,35.684444427490234,35.24444580078125,35.51555633544922,1960425
2021-04-19,35.608890533447266,35.89777755737305,35.35555648803711,35.893333435058594,1197450
2021-04-20,35.608890533447266,36.022220611572266,35.511112213134766,35.85333251953125,1376325
2021-04-21,36.24444580078125,36.342220306396484,35.33333206176758,35.804443359375,2369250
2021-04-22,35.706668853759766,35.862220764160156,35.439998626708984,35.7599983215332,1454850
2021-04-23,35.82222366333008,36.3466682434082,35.71110916137695,36.15999984741211,909000
2021-04-26,36.2400016784668,36.551109313964844,35.657779693603516,35.7511100769043,1172925
2021-04-27,35.71110916137695,35.915557861328125,35.439998626708984,35.80888748168945,1315575
2021-04-28,35.817779541015625,35.82666778564453,34.84000015258789,35.06222152709961,1832625
2021-04-29,35.25777816772461,35.537776947021484,35.088890075683594,35.38222122192383,1609650
2021-04-30,35.38222122192383,35.56888961791992,35.17333221435547,35.43111038208008,1539000
2021-05-03,35.68888854980469,36.155555725097656,35.502220153808594,35.782222747802734,1637325
2021-05-04,35.720001220703125,35.942222595214844,35.46666717529297,35.88444519042969,1069875
2021-05-05,35.83555603027344,35.93333435058594,35.0977783203125,35.72888946533203,1808100
2021-05-06,35.89777755737305,36.026668548583984,35.48444366455078,35.942222595214844,1492200
2021-05-07,35.551109313964844,36.22222137451172,35.46666717529297,36.20000076293945,1708425
2021-05-10,36.400001525878906,36.635555267333984,35.915557861328125,35.9466667175293,1277775
2021-05-11,35.924442291259766,35.959999084472656,35.026668548583984,35.1511116027832,1087650
2021-05-12,35.31111145019531,35.31111145019531,34.439998626708984,34.573333740234375,1524600
2021-05-13,34.38666534423828,35.44444274902344,34.3466682434082,35.29777908325195,986625
2021-05-14,35.40888977050781,35.87111282348633,35.364444732666016,35.77333450317383,1130850
2021-05-17,35.68888854980469,35.68888854980469,35.21333312988281,35.293331146240234,941625
2021-05-18,35.12888717651367,35.39555740356445,34.8577766418457,34.9555549621582,1237725
2021-05-19,34.74222183227539,35.0444450378418,34.253334045410156,35.00444412231445,1399500
2021-05-20,35.08000183105469,35.137779235839844,34.74222183227539,34.88888931274414,992250
2021-05-21,34.99555587768555,35.231109619140625,34.671112060546875,34.82666778564453,1192950
2021-05-24,34.915557861328125,34.96888732910156,34.75555419921875,34.77333450317383,1246950
2021-05-25,34.72444534301758,34.87555694580078,34.040000915527344,34.137779235839844,1381950
2021-05-26,34.35555648803711,34.35555648803711,33.96444320678711,34.03555679321289,1197225
2021-05-27,34.11555480957031,34.42222213745117,34.0,34.400001525878906,2768850
2021-05-28,34.586666107177734,34.78666687011719,34.400001525878906,34.66222381591797,1253700
2021-06-01,34.90666580200195,35.03555679321289,34.49333190917969,34.53333282470703,1097550
2021-06-02,34.54222106933594,34.54222106933594,34.186668395996094,34.20000076293945,1450350
2021-06-03,34.03555679321289,34.413333892822266,33.813331604003906,34.33333206176758,1453275
2021-06-04,34.302223205566406,34.40444564819336,34.040000915527344,34.35555648803711,918225
2021-06-07,34.33333206176758,34.33333206176758,33.63111114501953,33.63999938964844,1149075
2021-06-08,33.573333740234375,33.79999923706055,33.42222213745117,33.72888946533203,1317375
2021-06-09,33.586666107177734,33.59111022949219,33.38666534423828,33.53333282470703,1058175
2021-06-10,33.72888946533203,33.87555694580078,33.45333480834961,33.488887786865234,1841850
2021-06-11,33.54222106933594,33.75555419921875,33.54222106933594,33.75555419921875,1411425
2021-06-14,33.67555618286133,33.768890380859375,33.391109466552734,33.52888870239258,802125
2021-06-15,33.56888961791992,34.06222152709961,33.315555572509766,33.79999923706055,1282275
2021-06-16,33.90666580200195,34.1511116027832,33.764442443847656,33.84000015258789,1648575
2021-06-17,33.915557861328125,33.915557861328125,33.253334045410156,33.27555465698242,1793025
2021-06-18,32.82666778564453,32.915557861328125,32.315555572509766,32.328887939453125,2269350
2021-06-21,32.53333282470703,33.075557708740234,32.50666809082031,33.0444450378418,1284750
2021-06-22,33.19111251831055,33.204444885253906,32.862220764160156,32.99555587768555,1181475
2021-06-23,32.88444519042969,33.01777648925781,32.67555618286133,32.72444534301758,1265625
2021-06-24,32.63111114501953,33.0444450378418,32.497779846191406,32.8577766418457,1811925
2021-06-25,32.87555694580078,33.27111053466797,32.782222747802734,33.195556640625,1550250
2021-06-28,33.1422233581543,33.1422233581543,32.62666702270508,32.96444320678711,1462725
2021-06-29,33.08000183105469,33.1422233581543,32.862220764160156,32.973331451416016,874800
2021-06-30,32.98222351074219,33.155555725097656,32.844444274902344,33.08000183105469,1412100
2021-07-01,33.27555465698242,33.9022216796875,33.11111068725586,33.7599983215332,1324800
2021-07-02,33.6533317565918,33.83555603027344,33.560001373291016,33.764442443847656,1111050
2021-07-06,33.70222091674805,33.77333450317383,33.20888900756836,33.697776794433594,1094400
2021-07-07,33.475555419921875,34.040000915527344,33.413333892822266,33.9466667175293,1317150
2021-07-08,33.53333282470703,33.57777786254883,32.813331604003906,32.91999816894531,1475550
2021-07-09,33.475555419921875,33.63999938964844,33.328887939453125,33.608890533447266,1097325
2021-07-12,33.342220306396484,33.93777847290039,33.27555465698242,33.89777755737305,1132875
2021-07-13,33.71110916137695,33.91999816894531,33.28444290161133,33.36888885498047,1107450
2021-07-14,33.39555740356445,33.657779693603516,33.253334045410156,33.52000045776367,922050
2021-07-15,33.22222137451172,34.12444305419922,33.22222137451172,33.98666763305664,1413675
2021-07-16,34.0977783203125,34.29777908325195,33.942222595214844,34.10222244262695,1424025
2021-07-19,33.524444580078125,33.6533317565918,32.71110916137695,32.96888732910156,1385775
2021-07-20,33.09333419799805,34.0533332824707,33.075557708740234,33.71110916137695,1599750
2021-07-21,33.977779388427734,34.52000045776367,33.63999938964844,34.0,1019475
2021-07-22,33.83555603027344,34.026668548583984,33.39555740356445,33.426666259765625,1563750
2021-07-23,33.54666519165039,34.071109771728516,32.88444519042969,33.2488899230957,2015100
2021-07-26,33.24444580078125,33.48444366455078,33.00444412231445,33.133331298828125,1546425
2021-07-27,32.90666580200195,33.31999969482422,32.72444534301758,33.008888244628906,1182375
2021-07-28,33.137779235839844,33.27111053466797,32.186668395996094,32.41777801513672,1865250
2021-07-29,32.66666793823242,32.813331604003906,32.45777893066406,32.69333267211914,940500
2021-07-30,32.573333740234375,32.78666687011719,32.41777801513672,32.52000045776367,1764675
2021-08-02,32.67555618286133,32.83555603027344,32.33777618408203,32.36888885498047,1635525
2021-08-03,32.45777893066406,32.462223052978516,31.959999084472656,32.24444580078125,1336050
2021-08-04,31.95111083984375,32.351112365722656,31.93777847290039,31.9777774810791,2042325
2021-08-05,32.008888244628906,32.31111145019531,31.88888931274414,32.293331146240234,1694475
2021-08-06,32.61333465576172,32.84000015258789,32.52000045776367,32.6533317565918,1556775
2021-08-09,32.71555709838867,32.7599983215332,32.448890686035156,32.648887634277344,1392075
2021-08-10,32.511112213134766,32.91999816894531,32.448890686035156,32.497779846191406,1235700
2021-08-11,32.537776947021484,32.911109924316406,32.47999954223633,32.9022216796875,1329525
2021-08-12,32.924442291259766,32.924442291259766,32.61777877807617,32.817779541015625,1051425
2021-08-13,32.9555549621582,33.17777633666992,32.79999923706055,33.137779235839844,1145025
2021-08-16,32.87111282348633,33.279998779296875,32.804443359375,33.071109771728516,985725
2021-08-17,32.77777862548828,33.52000045776367,32.746665954589844,33.20888900756836,1142325
2021-08-18,33.10222244262695,33.36888885498047,32.911109924316406,32.924442291259766,888075
2021-08-19,33.36888885498047,33.71110916137695,32.95111083984375,33.586666107177734,1522800
2021-08-20,33.648887634277344,34.182220458984375,33.58222198486328,33.9466667175293,1613475
2021-08-23,33.98222351074219,34.12888717651367,33.77777862548828,33.804443359375,1198125
2021-08-24,33.831111907958984,33.977779388427734,33.67555618286133,33.74222183227539,1248750
2021-08-25,33.768890380859375,34.084442138671875,33.68000030517578,33.862220764160156,1177200
2021-08-26,33.87555694580078,33.91999816894531,33.38222122192383,33.38666534423828,1000575
2021-08-27,33.45333480834961,33.85333251953125,33.42222213745117,33.84000015258789,1111500
2021-08-30,33.85333251953125,33.8577766418457,33.38666534423828,33.40888977050781,704925
2021-08-31,33.33333206176758,33.7511100769043,33.302223205566406,33.47111129760742,1337400
2021-09-01,33.56888961791992,33.59111022949219,33.08000183105469,33.40888977050781,967050
2021-09-02,33.47111129760742,33.52000045776367,33.1511116027832,33.497779846191406,1012725
2021-09-03,33.328887939453125,33.426666259765625,32.973331451416016,33.088890075683594,848700
2021-09-07,33.01777648925781,33.119998931884766,32.57777786254883,32.59111022949219,1508175
2021-09-08,32.52888870239258,33.03111267089844,32.364444732666016,32.98666763305664,1440675
2021-09-09,32.973331451416016,33.47111129760742,32.462223052978516,32.46666717529297,1365750
2021-09-10,32.599998474121094,32.71555709838867,31.866666793823242,31.8799991607666,1485675
2021-09-13,32.11555480957031,32.391109466552734,31.991111755371094,32.21333312988281,1368000
2021-09-14,32.20888900756836,32.2488899230957,31.688888549804688,31.76444435119629,1602675
2021-09-15,31.568889617919922,31.955556869506836,31.568889617919922,31.86222267150879,1612575
2021-09-16,31.995555877685547,32.20000076293945,31.786666870117188,32.075557708740234,1828800
2021-09-17,31.920000076293945,32.168888092041016,31.866666793823242,32.084442138671875,3758850
2021-09-20,31.920000076293945,31.93777847290039,31.422222137451172,31.831111907958984,2105100
2021-09-21,32.04888916015625,32.155555725097656,31.817777633666992,31.87555694580078,1574550
2021-09-22,32.11111068725586,32.28889083862305,31.955556869506836,32.12888717651367,1107000
2021-09-23,32.40888977050781,32.68888854980469,32.33333206176758,32.400001525878906,1213875
2021-09-24,32.31999969482422,32.70222091674805,32.31999969482422,32.58222198486328,1240200
2021-09-27,32.79999923706055,33.026668548583984,32.64444351196289,32.657779693603516,886950
2021-09-28,32.58222198486328,32.733333587646484,32.20000076293945,32.253334045410156,1471725
2021-09-29,32.2488899230957,32.795555114746094,32.133331298828125,32.648887634277344,1244475
2021-09-30,32.88444519042969,33.01777648925781,32.52000045776367,32.524444580078125,2137275
2021-10-01,32.657779693603516,33.33777618408203,32.17333221435547,33.075557708740234,1384875
2021-10-04,33.071109771728516,33.52888870239258,32.77777862548828,32.87555694580078,1541025
2021-10-05,32.973331451416016,33.64444351196289,32.782222747802734,33.45333480834961,998100
2021-10-06,33.20000076293945,34.088890075683594,33.06666564941406,34.057777404785156,1579500
2021-10-07,34.20888900756836,34.8577766418457,34.20888900756836,34.426666259765625,1561050
2021-10-08,34.38222122192383,34.671112060546875,34.22666549682617,34.28889083862305,1315575
2021-10-11,34.40888977050781,34.66222381591797,34.01333236694336,34.026668548583984,920025
2021-10-12,34.026668548583984,34.38666534423828,33.9466667175293,33.98222351074219,1026225
2021-10-13,33.85333251953125,33.90666580200195,33.293331146240234,33.82666778564453,1249650
2021-10-14,34.026668548583984,34.46666717529297,33.93777847290039,34.439998626708984,1050750
2021-10-15,34.733333587646484,34.80888748168945,34.54666519165039,34.56888961791992,978525
2021-10-18,34.44444274902344,34.46666717529297,33.88888931274414,33.9555549621582,1222650
2021-10-19,34.43111038208008,34.560001373291016,34.28444290161133,34.43111038208008,1157850
2021-10-20,34.27555465698242,34.924442291259766,34.27555465698242,34.880001068115234,1030500
2021-10-21,34.82222366333008,35.22666549682617,34.70222091674805,35.06222152709961,1171350
2021-10-22,35.79999923706055,36.77333450317383,35.50666809082031,36.560001373291016,3039750
2021-10-25,36.706668853759766,36.782222747802734,36.253334045410156,36.41777801513672,2263725
2021-10-26,36.48444366455078,36.56888961791992,36.27111053466797,36.377777099609375,885825
2021-10-27,36.43555450439453,36.54666519165039,35.66222381591797,35.671112060546875,1526850
2021-10-28,35.85333251953125,36.137779235839844,35.67555618286133,35.96888732910156,835200
2021-10-29,36.0,36.022220611572266,35.2488899230957,35.377777099609375,1351125
2021-11-01,35.45333480834961,35.59555435180664,35.22222137451172,35.58222198486328,1046700
2021-11-02,35.706668853759766,36.342220306396484,35.59555435180664,36.27555465698242,1161225
2021-11-03,36.27555465698242,36.61777877807617,36.084442138671875,36.266666412353516,1243350
2021-11-04,36.133331298828125,36.1422233581543,35.14666748046875,35.28444290161133,1347750
2021-11-05,35.54222106933594,35.98666763305664,35.400001525878906,35.813331604003906,1140750
2021-11-08,36.12888717651367,36.302223205566406,35.88888931274414,36.186668395996094,1134675
2021-11-09,36.040000915527344,36.2400016784668,35.764442443847656,36.1422233581543,1010925
2021-11-10,36.186668395996094,36.41777801513672,36.06666564941406,36.1511116027832,1126125
2021-11-11,36.106666564941406,36.28444290161133,35.880001068115234,36.133331298828125,780525
2021-11-12,36.106666564941406,36.28889083862305,35.768890380859375,36.10222244262695,1303650
2021-11-15,36.20000076293945,36.315555572509766,35.813331604003906,35.928890228271484,1453275
2021-11-16,36.071109771728516,36.46666717529297,35.804443359375,36.04888916015625,1757700
2021-11-17,35.928890228271484,36.377777099609375,35.39555740356445,36.293331146240234,1764225
2021-11-18,36.40888977050781,36.599998474121094,36.06222152709961,36.391109466552734,1138050
2021-11-19,36.293331146240234,36.293331146240234,35.66222381591797,35.684444427490234,994500
2021-11-22,35.84000015258789,37.040000915527344,35.635555267333984,36.671112060546875,1558575
2021-11-23,37.084442138671875,37.746665954589844,37.084442138671875,37.55555725097656,2063250
2021-11-24,37.50666809082031,37.56888961791992,36.74222183227539,37.11111068725586,1599300
2021-11-26,36.0444450378418,36.27555465698242,35.32444381713867,35.764442443847656,1391850
2021-11-29,36.1511116027832,36.1511116027832,35.29777908325195,35.31999969482422,1138950
2021-11-30,34.9466667175293,35.1422233581543,33.95111083984375,34.06222152709961,3746025
2021-12-01,34.63111114501953,34.991111755371094,33.62666702270508,33.648887634277344,1449675
2021-12-02,33.942222595214844,35.266666412353516,33.75555419921875,35.0444450378418,1832850
2021-12-03,35.0444450378418,35.12444305419922,34.32444381713867,34.54222106933594,1319400
2021-12-06,34.622222900390625,35.33333206176758,34.560001373291016,34.98222351074219,1228275
2021-12-07,35.12444305419922,35.622222900390625,35.119998931884766,35.45333480834961,1423125
2021-12-08,35.400001525878906,35.764442443847656,35.27555465698242,35.511112213134766,893250
2021-12-09,35.648887634277344,35.68888854980469,34.98222351074219,35.45777893066406,1415475
2021-12-10,35.764442443847656,36.0,35.551109313964844,35.973331451416016,1026900
2021-12-13,35.924442291259766,36.075557708740234,35.47111129760742,35.831111907958984,1131075
2021-12-14,35.928890228271484,36.599998474121094,35.66666793823242,36.21333312988281,1831500
2021-12-15,36.33333206176758,36.462223052978516,35.991111755371094,36.29777908325195,1251225
2021-12-16,36.795555114746094,36.95111083984375,36.413333892822266,36.497779846191406,1718775
2021-12-17,36.400001525878906,36.413333892822266,35.706668853759766,35.733333587646484,3167100
2021-12-20,35.37333297729492,35.45777893066406,34.599998474121094,35.0,1497600
2021-12-21,35.33333206176758,35.764442443847656,35.057777404785156,35.351112365722656,1671750
2021-12-22,35.21333312988281,35.537776947021484,35.155555725097656,35.400001525878906,1253700
2021-12-23,35.60444259643555,35.893333435058594,35.462223052978516,35.63111114501953,937800
2021-12-27,35.635555267333984,36.22222137451172,35.54222106933594,36.15999984741211,731925
2021-12-28,36.088890075683594,36.68888854980469,36.088890075683594,36.43111038208008,909450
2021-12-29,36.48444366455078,36.880001068115234,36.48444366455078,36.67555618286133,886725
2021-12-30,36.804443359375,36.911109924316406,36.20888900756836,36.235557556152344,852075
2021-12-31,36.231109619140625,36.831111907958984,36.231109619140625,36.61777877807617,1329300
2022-01-03,36.75555419921875,36.82222366333008,35.82666778564453,36.11555480957031,1019475
2022-01-04,36.41777801513672,36.88888931274414,36.30666732788086,36.6533317565918,1543275
2022-01-05,36.911109924316406,36.928890228271484,36.235557556152344,36.24444580078125,1271925
2022-01-06,37.0,37.022220611572266,36.59555435180664,36.862220764160156,1236825
2022-01-07,36.8577766418457,37.68888854980469,36.8577766418457,37.59111022949219,1299375
2022-01-10,37.78666687011719,37.88444519042969,37.27555465698242,37.50666809082031,1393200
2022-01-11,37.64444351196289,37.82222366333008,37.08000183105469,37.804443359375,1285650
2022-01-12,37.77777862548828,38.075557708740234,37.560001373291016,38.00444412231445,1217700
2022-01-13,38.186668395996094,38.697776794433594,38.0533332824707,38.328887939453125,1573875
2022-01-14,37.88444519042969,38.12444305419922,37.61333465576172,38.040000915527344,1242675
2022-01-18,37.893333435058594,37.99555587768555,37.400001525878906,37.657779693603516,1233450
2022-01-19,37.764442443847656,37.82222366333008,36.66222381591797,36.68000030517578,1001925
2022-01-20,36.75555419921875,37.977779388427734,36.75555419921875,37.022220611572266,1709775
2022-01-21,37.040000915527344,37.44444274902344,36.61777877807617,36.684444427490234,1707525
2022-01-24,36.377777099609375,37.17333221435547,35.560001373291016,37.04888916015625,2149425
2022-01-25,36.488887786865234,37.06222152709961,35.8488883972168,36.6533317565918,2294550
2022-01-26,36.66666793823242,37.19111251831055,36.084442138671875,36.60444259643555,1955700
2022-01-27,36.87111282348633,37.599998474121094,36.11111068725586,36.1511116027832,1988775
2022-01-28,36.88888931274414,38.19111251831055,36.67555618286133,37.62666702270508,5241150
2022-01-31,37.231109619140625,37.746665954589844,37.1511116027832,37.55555725097656,5492250
2022-02-01,37.39555740356445,38.36000061035156,37.39555740356445,38.12888717651367,3048075
2022-02-02,38.155555725097656,39.133331298828125,38.106666564941406,39.00444412231445,3491550
2022-02-03,39.38666534423828,39.72444534301758,39.12888717651367,39.52888870239258,2702925
2022-02-04,39.462223052978516,40.186668395996094,39.38222122192383,39.893333435058594,2629800
2022-02-07,40.008888244628906,40.671112060546875,39.915557861328125,40.36000061035156,2326275
2022-02-08,40.59111022949219,41.342220306396484,40.400001525878906,41.24444580078125,2683125
2022-02-09,41.40888977050781,41.684444427490234,40.98222351074219,41.16444396972656,2179350
2022-02-10,40.93333435058594,41.37333297729492,40.49333190917969,40.862220764160156,2381850
2022-02-11,40.6533317565918,40.8577766418457,39.866668701171875,39.98666763305664,2430225
2022-02-14,40.008888244628906,40.133331298828125,39.30666732788086,39.77333450317383,2406600
2022-02-15,40.182220458984375,40.54666519165039,39.831111907958984,40.04888916015625,1431675
2022-02-16,39.85333251953125,40.51555633544922,39.85333251953125,40.42222213745117,1792575
2022-02-17,40.20888900756836,40.20888900756836,39.47111129760742,39.893333435058594,1071225
2022-02-18,39.768890380859375,40.293331146240234,39.69333267211914,40.20888900756836,1493325
2022-02-22,40.217777252197266,40.684444427490234,39.782222747802734,40.195556640625,1748250
2022-02-23,40.58222198486328,40.59111022949219,39.684444427490234,39.71110916137695,1673325
2022-02-24,38.764442443847656,39.04888916015625,37.96888732910156,38.9555549621582,2054475
2022-02-25,39.21333312988281,40.573333740234375,39.21333312988281,40.52888870239258,1246950
2022-02-28,39.400001525878906,40.31111145019531,39.36000061035156,40.133331298828125,1714950
2022-03-01,39.89777755737305,40.071109771728516,38.88888931274414,39.19111251831055,1370025
2022-03-02,39.511112213134766,40.49333190917969,39.511112213134766,40.2400016784668,1291725
2022-03-03,40.351112365722656,40.71555709838867,39.911109924316406,40.16444396972656,1467900
2022-03-04,39.45777893066406,40.04888916015625,39.12888717651367,40.040000915527344,1436625
2022-03-07,39.599998474121094,39.91999816894531,39.2488899230957,39.511112213134766,1482975
2022-03-08,39.764442443847656,40.82666778564453,39.3466682434082,39.657779693603516,2054925
2022-03-09,40.68000030517578,41.133331298828125,40.21333312988281,40.746665954589844,2722725
2022-03-10,40.31999969482422,41.377777099609375,40.279998779296875,41.2488899230957,1661400
2022-03-11,41.43555450439453,42.33333206176758,41.426666259765625,41.9555549621582,1955700
2022-03-14,42.45333480834961,42.87111282348633,41.426666259765625,41.635555267333984,2131200
2022-03-15,42.09333419799805,42.39555740356445,41.69333267211914,42.22222137451172,2407500
2022-03-16,42.488887786865234,42.511112213134766,41.24444580078125,41.795555114746094,2479725
2022-03-17,41.502220153808594,42.33333206176758,41.266666412353516,42.328887939453125,1809450
2022-03-18,42.30666732788086,42.733333587646484,41.70222091674805,42.66666793823242,3150675
2022-03-21,43.22222137451172,43.61333465576172,42.782222747802734,43.54222106933594,1516050
2022-03-22,43.80888748168945,44.217777252197266,43.448890686035156,43.924442291259766,1824975
2022-03-23,43.831111907958984,44.302223205566406,43.49333190917969,43.53333282470703,1409400
2022-03-24,43.09333419799805,43.86000061035156,43.0,43.560001373291016,2116800
2022-03-25,43.68000030517578,44.08000183105469,43.5533332824707,43.98666763305664,1888050
2022-03-28,44.0,44.22666549682617,43.779998779296875,44.17333221435547,1460100
2022-03-29,44.40666580200195,44.66666793823242,44.04666519165039,44.5,2920800
2022-03-30,44.573333740234375,44.753334045410156,44.33333206176758,44.720001220703125,1993950
2022-03-31,44.66666793823242,45.02000045776367,44.246665954589844,44.393333435058594,3912900
2022-04-01,44.61333465576172,45.0533332824707,44.459999084472656,44.87333297729492,1597800
2022-04-04,44.77333450317383,44.77333450317383,43.706668853759766,43.973331451416016,1959150
2022-04-05,43.939998626708984,44.68000030517578,43.939998626708984,44.279998779296875,2113350
2022-04-06,44.266666412353516,44.880001068115234,44.206668853759766,44.53333282470703,1632000
2022-04-07,44.56666564941406,45.02000045776367,44.246665954589844,44.8466682434082,1601550
2022-04-08,45.21333312988281,45.439998626708984,44.880001068115234,45.133331298828125,1867500
2022-04-11,45.16666793823242,45.64666748046875,44.88666534423828,44.973331451416016,1553550
2022-04-12,45.106666564941406,45.959999084472656,44.973331451416016,45.68000030517578,2442300
2022-04-13,45.48666763305664,45.91999816894531,45.02000045776367,45.5533332824707,2047050
2022-04-14,45.54666519165039,45.7599983215332,45.253334045410156,45.47999954223633,8181900
2022-04-18,45.133331298828125,46.29999923706055,45.073333740234375,46.28666687011719,2683350
2022-04-19,46.30666732788086,46.45333480834961,45.7599983215332,46.133331298828125,2558700
2022-04-20,46.41999816894531,47.51333236694336,46.293331146240234,47.366668701171875,1977000
2022-04-21,47.49333190917969,47.686668395996094,46.22666549682617,46.3466682434082,2769900
2022-04-22,46.246665954589844,46.246665954589844,45.27333450317383,45.313331604003906,1953150
2022-04-25,45.106666564941406,45.33333206176758,44.36000061035156,45.266666412353516,3835800
2022-04-26,45.53333282470703,46.36000061035156,44.619998931884766,44.86000061035156,3240600
2022-04-27,45.060001373291016,46.04666519165039,44.733333587646484,45.43333435058594,3316650
2022-04-28,45.71333312988281,45.926666259765625,45.13999938964844,45.83333206176758,2499150
2022-04-29,45.67333221435547,45.720001220703125,44.16666793823242,44.32666778564453,4204350
2022-05-02,44.68000030517578,44.880001068115234,43.400001525878906,44.12666702270508,3258000
2022-05-03,44.439998626708984,45.15999984741211,44.026668548583984,44.84000015258789,2349750
2022-05-04,44.959999084472656,46.1533317565918,44.85333251953125,46.00666809082031,2392350
2022-05-05,45.64666748046875,46.01333236694336,44.80666732788086,45.37333297729492,1685100
2022-05-06,45.22666549682617,46.03333282470703,44.86000061035156,45.85333251953125,1905900
2022-05-09,45.606666564941406,45.72666549682617,44.720001220703125,44.81999969482422,2795250
2022-05-10,45.0533332824707,45.473331451416016,43.86000061035156,44.233333587646484,3391500
2022-05-11,44.29999923706055,45.266666412353516,44.186668395996094,44.439998626708984,2345250
2022-05-12,44.393333435058594,44.70000076293945,43.66666793823242,44.233333587646484,2843100
2022-05-13,44.53333282470703,44.93333435058594,44.22666549682617,44.88666534423828,2703750
2022-05-16,44.99333190917969,45.5533332824707,44.793331146240234,45.086666107177734,2511750
2022-05-17,45.619998931884766,46.246665954589844,45.246665954589844,46.0533332824707,2592450
2022-05-18,45.86000061035156,45.97999954223633,45.15999984741211,45.27333450317383,1944900
2022-05-19,44.766666412353516,45.0533332824707,43.413333892822266,44.19333267211914,2620650
2022-05-20,44.366668701171875,44.70000076293945,43.686668395996094,44.31999969482422,6087900
2022-05-23,44.88666534423828,45.62666702270508,44.5,45.22666549682617,2320650
2022-05-24,45.30666732788086,45.93333435058594,44.560001373291016,45.84000015258789,2202300
2022-05-25,45.47999954223633,46.18000030517578,45.47999954223633,46.00666809082031,1842900
2022-05-26,46.38666534423828,46.95333480834961,46.22666549682617,46.7400016784668,1655850
2022-05-27,46.79999923706055,47.206668853759766,46.65999984741211,47.20000076293945,1805550
2022-05-31,46.893333435058594,47.606666564941406,46.526668548583984,47.41999816894531,2564850
2022-06-01,47.366668701171875,47.720001220703125,46.186668395996094,47.11333465576172,1924650
2022-06-02,47.19333267211914,47.293331146240234,46.720001220703125,47.266666412353516,2015850
2022-06-03,47.060001373291016,47.2599983215332,46.9466667175293,47.073333740234375,1501650
2022-06-06,47.46666717529297,47.866668701171875,47.099998474121094,47.706668853759766,1163850
2022-06-07,47.5,48.21333312988281,47.3466682434082,48.18000030517578,1416000
2022-06-08,47.90666580200195,47.90666580200195,47.293331146240234,47.3466682434082,1066950
2022-06-09,47.36000061035156,47.48666763305664,46.41999816894531,46.43333435058594,1172250
2022-06-10,45.746665954589844,46.040000915527344,45.2599983215332,45.50666809082031,1287000
2022-06-13,44.733333587646484,45.060001373291016,43.959999084472656,44.20000076293945,1784100
2022-06-14,44.313331604003906,44.9466667175293,44.099998474121094,44.49333190917969,1979700
2022-06-15,44.880001068115234,45.5533332824707,44.2599983215332,44.67333221435547,1967550
2022-06-16,44.040000915527344,44.439998626708984,43.573333740234375,44.20000076293945,2431500
2022-06-17,44.293331146240234,44.82666778564453,43.85333251953125,44.54666519165039,4475100
2022-06-21,45.3466682434082,45.3466682434082,44.5533332824707,45.02000045776367,2325150
2022-06-22,44.45333480834961,44.98666763305664,44.19333267211914,44.619998931884766,2050950
2022-06-23,44.83333206176758,45.220001220703125,43.746665954589844,43.96666717529297,2115000
2022-06-24,43.866668701171875,45.426666259765625,43.63999938964844,45.35333251953125,3553800
2022-06-27,45.426666259765625,46.19333267211914,45.253334045410156,46.12666702270508,1948500
2022-06-28,46.473331451416016,46.9466667175293,45.86000061035156,46.060001373291016,1898400
2022-06-29,46.19333267211914,46.37333297729492,44.84000015258789,44.926666259765625,1932300
2022-06-30,44.49333190917969,45.68000030517578,44.20000076293945,45.50666809082031,2189100
2022-07-01,45.68000030517578,46.3466682434082,45.099998474121094,46.2400016784668,1533150
2022-07-05,45.70000076293945,46.206668853759766,44.746665954589844,45.206668853759766,1998600
2022-07-06,45.266666412353516,45.6533317565918,44.766666412353516,45.313331604003906,2280750
2022-07-07,45.5533332824707,45.959999084472656,45.02000045776367,45.03333282470703,2138100
2022-07-08,45.233333587646484,45.71333312988281,44.85333251953125,44.87333297729492,1670250
2022-07-11,44.733333587646484,45.19333267211914,44.53333282470703,44.85333251953125,1763550
2022-07-12,44.40666580200195,44.96666717529297,43.866668701171875,43.98666763305664,1648800
2022-07-13,43.686668395996094,44.266666412353516,43.67333221435547,43.746665954589844,1708950
2022-07-14,42.81999969482422,43.08000183105469,41.133331298828125,41.47999954223633,2509500
2022-07-15,42.099998474121094,42.33333206176758,41.606666564941406,42.02000045776367,1862700
2022-07-18,42.186668395996094,42.426666259765625,41.36000061035156,41.473331451416016,2137200
2022-07-19,41.77333450317383,42.706668853759766,41.67333221435547,42.633331298828125,1977600
2022-07-20,42.51333236694336,42.733333587646484,42.19333267211914,42.4466667175293,2133300
2022-07-21,42.279998779296875,42.96666717529297,41.63999938964844,42.91999816894531,2368650
2022-07-22,42.28666687011719,42.793331146240234,41.49333190917969,41.766666412353516,2638350
2022-07-25,42.30666732788086,43.01333236694336,42.253334045410156,42.48666763305664,2029500
2022-07-26,42.6533317565918,42.80666732788086,42.18000030517578,42.366668701171875,1742400
2022-07-27,42.400001525878906,42.706668853759766,41.88666534423828,42.43333435058594,2193600
2022-07-28,42.45333480834961,42.540000915527344,40.753334045410156,41.20000076293945,2235000
2022-07-29,41.33333206176758,41.91999816894531,41.33333206176758,41.686668395996094,3182550
2022-08-01,41.313331604003906,41.43333435058594,40.62666702270508,40.9466667175293,2325450
2022-08-02,40.99333190917969,41.246665954589844,40.70000076293945,40.7400016784668,1652400
2022-08-03,41.0,41.473331451416016,40.59333419799805,41.426666259765625,2693400
2022-08-04,41.30666732788086,41.5,40.7400016784668,40.78666687011719,1965900
2022-08-05,40.82666778564453,41.313331604003906,40.82666778564453,41.220001220703125,1458750
2022-08-08,41.33333206176758,41.606666564941406,41.220001220703125,41.366668701171875,1641150
2022-08-09,41.5533332824707,42.073333740234375,41.413333892822266,41.98666763305664,1731900
2022-08-10,42.18000030517578,42.7599983215332,42.18000030517578,42.72666549682617,1497450
2022-08-11,42.99333190917969,43.586666107177734,42.88666534423828,43.49333190917969,1893600
2022-08-12,43.540000915527344,43.959999084472656,43.49333190917969,43.95333480834961,1114950
2022-08-15,43.526668548583984,44.33333206176758,43.37333297729492,44.186668395996094,1067700
2022-08-16,44.186668395996094,44.58000183105469,44.11333465576172,44.400001525878906,1400550
2022-08-17,44.19333267211914,45.400001525878906,44.17333221435547,45.366668701171875,2023050
2022-08-18,45.393333435058594,45.65999984741211,45.0533332824707,45.393333435058594,931800
2022-08-19,45.36000061035156,45.459999084472656,44.95333480834961,45.060001373291016,1498200
2022-08-22,44.67333221435547,44.67333221435547,43.720001220703125,43.793331146240234,1284150
2022-08-23,43.880001068115234,43.97999954223633,43.573333740234375,43.65999984741211,848400
2022-08-24,43.52000045776367,44.439998626708984,43.413333892822266,44.206668853759766,1725750
2022-08-25,44.426666259765625,45.00666809082031,44.11333465576172,44.98666763305664,1232700
2022-08-26,45.15999984741211,45.313331604003906,44.35333251953125,44.36000061035156,1490550
2022-08-29,44.02000045776367,44.380001068115234,43.606666564941406,44.099998474121094,1258200
2022-08-30,44.0,44.0,43.400001525878906,43.49333190917969,1037250
2022-08-31,43.5533332824707,43.82666778564453,43.106666564941406,43.20000076293945,2024100
2022-09-01,43.026668548583984,43.439998626708984,42.77333450317383,43.31999969482422,1377600
2022-09-02,43.48666763305664,44.2599983215332,42.959999084472656,43.18000030517578,1386300
2022-09-06,43.540000915527344,44.2599983215332,43.459999084472656,43.79999923706055,2929650
2022-09-07,43.67333221435547,44.65999984741211,43.61333465576172,44.573333740234375,1258800
2022-09-08,44.40666580200195,45.37333297729492,44.35333251953125,45.34000015258789,1083150
2022-09-09,45.526668548583984,45.7400016784668,45.08000183105469,45.086666107177734,1484100
2022-09-12,45.28666687011719,45.63999938964844,45.106666564941406,45.34000015258789,1305150
2022-09-13,44.77333450317383,45.17333221435547,44.400001525878906,44.47999954223633,1374900
2022-09-14,44.5,45.119998931884766,44.40666580200195,44.866668701171875,1956300
2022-09-15,44.95333480834961,45.473331451416016,44.7599983215332,45.16666793823242,1553550
2022-09-16,44.939998626708984,45.0533332824707,44.253334045410156,44.62666702270508,3813150
2022-09-19,44.279998779296875,45.099998474121094,44.206668853759766,45.040000915527344,1080600
2022-09-20,44.633331298828125,44.7599983215332,43.746665954589844,44.253334045410156,970050
2022-09-21,44.46666717529297,44.586666107177734,43.30666732788086,43.34000015258789,926550
2022-09-22,43.393333435058594,43.393333435058594,42.573333740234375,42.959999084472656,1044450
2022-09-23,42.586666107177734,42.84000015258789,42.133331298828125,42.560001373291016,1823700
2022-09-26,42.15999984741211,42.29999923706055,40.720001220703125,41.040000915527344,1770750
2022-09-27,41.31999969482422,41.81999969482422,41.04666519165039,41.71333312988281,1867200
2022-09-28,41.88666534423828,42.560001373291016,41.64666748046875,42.29999923706055,1282200
2022-09-29,42.14666748046875,43.59333419799805,41.733333587646484,43.45333480834961,3060150
2022-09-30,43.59333419799805,43.87333297729492,43.0,43.0533332824707,2318100
2022-10-03,43.43333435058594,44.54666519165039,42.81999969482422,44.2599983215332,1696800
2022-10-04,44.54666519165039,45.49333190917969,44.5,45.439998626708984,2084400
2022-10-05,45.15999984741211,45.64666748046875,45.13999938964844,45.31999969482422,1274700
2022-10-06,45.11333465576172,45.426666259765625,45.0,45.19333267211914,1053600
2022-10-07,44.913333892822266,45.02000045776367,44.313331604003906,44.61333465576172,1755150
2022-10-10,44.83333206176758,45.33333206176758,44.686668395996094,45.060001373291016,1308900
2022-10-11,44.98666763305664,46.00666809082031,44.98666763305664,45.37333297729492,1681050
2022-10-12,45.34000015258789,45.68000030517578,45.06666564941406,45.413333892822266,2176800
2022-10-13,44.84000015258789,47.80666732788086,44.51333236694336,47.65999984741211,2032050
2022-10-14,47.880001068115234,48.36000061035156,46.6533317565918,46.733333587646484,1813050
2022-10-17,47.18000030517578,47.766666412353516,47.09333419799805,47.53333282470703,1957950
2022-10-18,48.20000076293945,48.4466667175293,47.246665954589844,47.866668701171875,1995000
2022-10-19,47.866668701171875,48.393333435058594,47.14666748046875,47.63999938964844,2940900
2022-10-20,47.16666793823242,47.30666732788086,46.619998931884766,46.84000015258789,1525050
2022-10-21,47.106666564941406,47.733333587646484,46.80666732788086,47.56666564941406,3192300
2022-10-24,48.0,48.79999923706055,47.88666534423828,48.380001068115234,2865600
2022-10-25,46.253334045410156,46.84000015258789,45.09333419799805,46.04666519165039,3918750
2022-10-26,46.69333267211914,46.78666687011719,45.80666732788086,46.66666793823242,3038100
2022-10-27,47.060001373291016,47.83333206176758,46.90666580200195,47.43333435058594,2649150
2022-10-28,47.87333297729492,49.0533332824707,47.53333282470703,48.8466682434082,1824900
2022-10-31,48.56666564941406,49.79999923706055,48.54666519165039,49.586666107177734,2488650
2022-11-01,49.77333450317383,50.34000015258789,49.5,50.19333267211914,2012850
2022-11-02,49.926666259765625,50.706668853759766,49.3466682434082,49.5533332824707,3009750
2022-11-03,49.34000015258789,50.68000030517578,48.99333190917969,49.733333587646484,1703550
2022-11-04,50.16666793823242,50.33333206176758,49.233333587646484,49.91999816894531,1430400
2022-11-07,49.973331451416016,50.18000030517578,49.43333435058594,49.72666549682617,1542900
2022-11-08,49.599998474121094,49.97999954223633,48.67333221435547,49.706668853759766,1513350
2022-11-09,49.66666793823242,50.02000045776367,48.9466667175293,49.073333740234375,1209600
2022-11-10,50.12666702270508,50.16666793823242,48.65999984741211,48.86000061035156,2231400
2022-11-11,49.33333206176758,49.560001373291016,46.026668548583984,46.51333236694336,4139700
2022-11-14,46.733333587646484,46.733333587646484,45.733333587646484,45.746665954589844,3194250
2022-11-15,46.06666564941406,46.313331604003906,45.586666107177734,46.073333740234375,2871450
2022-11-16,46.133331298828125,48.15999984741211,46.133331298828125,47.84000015258789,2542050
2022-11-17,47.393333435058594,48.12666702270508,47.060001373291016,47.959999084472656,1896900
2022-11-18,48.46666717529297,48.95333480834961,48.106666564941406,48.88666534423828,2413350
2022-11-21,49.01333236694336,50.15999984741211,49.01333236694336,49.4466667175293,2082300
2022-11-22,49.79999923706055,50.12666702270508,49.1533317565918,49.439998626708984,1157400
2022-11-23,49.33333206176758,49.7400016784668,49.33333206176758,49.586666107177734,859650
2022-11-25,49.813331604003906,50.246665954589844,49.686668395996094,50.12666702270508,677700
2022-11-28,49.88666534423828,50.2400016784668,49.753334045410156,49.86000061035156,1266450
2022-11-29,49.82666778564453,50.186668395996094,49.633331298828125,50.026668548583984,878250
2022-11-30,49.82666778564453,50.926666259765625,49.413333892822266,50.85333251953125,3528900
2022-12-01,51.133331298828125,51.32666778564453,49.95333480834961,50.206668853759766,1570650
2022-12-02,49.88666534423828,50.58000183105469,49.79999923706055,50.4466667175293,1142250
2022-12-05,50.04666519165039,50.09333419799805,49.16666793823242,49.5533332824707,927450
2022-12-06,49.686668395996094,50.27333450317383,49.686668395996094,50.27333450317383,1134450
2022-12-07,50.119998931884766,50.45333480834961,49.49333190917969,49.766666412353516,2455050
2022-12-08,50.02000045776367,50.37333297729492,49.48666763305664,49.62666702270508,1531050
2022-12-09,49.599998474121094,49.973331451416016,49.02000045776367,49.040000915527344,1564200
2022-12-12,49.09333419799805,49.6533317565918,48.746665954589844,49.47999954223633,2060400
2022-12-13,50.0,50.15999984741211,48.59333419799805,48.720001220703125,2309550
2022-12-14,48.7400016784668,49.073333740234375,48.3466682434082,48.65999984741211,1636950
2022-12-15,48.313331604003906,48.54666519165039,47.813331604003906,48.03333282470703,1627950
2022-12-16,47.59333419799805,48.31999969482422,47.41999816894531,48.03333282470703,4997700
2022-12-19,48.060001373291016,48.560001373291016,47.2400016784668,47.686668395996094,1765800
2022-12-20,48.01333236694336,48.72666549682617,47.959999084472656,48.58000183105469,1624050
2022-12-21,48.99333190917969,49.30666732788086,48.6533317565918,49.246665954589844,2361300
2022-12-22,49.20000076293945,49.49333190917969,48.09333419799805,48.6533317565918,1669500
2022-12-23,48.706668853759766,49.040000915527344,48.52000045776367,48.96666717529297,964050
2022-12-27,49.086666107177734,49.53333282470703,48.83333206176758,49.27333450317383,1358850
2022-12-28,49.47999954223633,49.50666809082031,48.526668548583984,48.53333282470703,830550
2022-12-29,48.71333312988281,49.246665954589844,48.473331451416016,48.82666778564453,852450
2022-12-30,48.62666702270508,48.81999969482422,47.939998626708984,48.380001068115234,1386000
2023-01-03,48.313331604003906,48.61333465576172,47.62666702270508,48.38666534423828,1739400
2023-01-04,48.56666564941406,48.86000061035156,48.01333236694336,48.22666549682617,2352450
2023-01-05,48.19333267211914,48.459999084472656,47.526668548583984,47.91999816894531,2379900
2023-01-06,48.37333297729492,49.63999938964844,48.21333312988281,49.526668548583984,1845300
2023-01-09,49.526668548583984,49.586666107177734,48.393333435058594,48.6533317565918,1947000
2023-01-10,48.939998626708984,49.2400016784668,48.540000915527344,48.900001525878906,1207350
2023-01-11,48.86000061035156,49.06666564941406,48.41999816894531,48.63999938964844,1351200
2023-01-12,48.46666717529297,48.99333190917969,48.09333419799805,48.686668395996094,1601850
2023-01-13,48.46666717529297,49.026668548583984,48.206668853759766,48.90666580200195,1131750
2023-01-17,48.90666580200195,48.90666580200195,47.52000045776367,47.87333297729492,1596900
2023-01-18,47.80666732788086,47.900001525878906,47.279998779296875,47.33333206176758,2279550
2023-01-19,47.2400016784668,47.35333251953125,46.46666717529297,46.53333282470703,1893300
2023-01-20,46.6533317565918,46.67333221435547,45.48666763305664,46.61333465576172,2840250
2023-01-23,46.746665954589844,47.099998474121094,46.49333190917969,46.88666534423828,1430700
2023-01-24,46.88666534423828,50.35333251953125,46.31999969482422,47.186668395996094,1565100
2023-01-25,47.133331298828125,47.746665954589844,47.026668548583984,47.61333465576172,1237950
2023-01-26,47.64666748046875,47.88666534423828,47.293331146240234,47.54666519165039,1447950
2023-01-27,47.66666793823242,47.893333435058594,45.99333190917969,46.14666748046875,2488050
2023-01-30,46.46666717529297,46.779998779296875,46.0,46.52000045776367,3683850
2023-01-31,46.67333221435547,46.78666687011719,46.086666107177734,46.7599983215332,1677900
2023-02-01,46.11333465576172,46.400001525878906,45.62666702270508,46.0533332824707,1931700
2023-02-02,45.95333480834961,45.95333480834961,44.15999984741211,44.393333435058594,4796400
2023-02-03,44.61333465576172,44.893333435058594,43.95333480834961,44.58000183105469,3133050
2023-02-06,44.56666564941406,45.586666107177734,44.46666717529297,45.540000915527344,2214450
2023-02-07,45.380001068115234,46.5533332824707,45.313331604003906,46.4466667175293,1828350
2023-02-08,46.279998779296875,46.893333435058594,46.13999938964844,46.14666748046875,1769100
2023-02-09,46.32666778564453,46.82666778564453,45.68000030517578,45.686668395996094,2157450
2023-02-10,45.78666687011719,45.926666259765625,45.400001525878906,45.459999084472656,1352850
2023-02-13,45.69333267211914,46.060001373291016,45.47999954223633,45.63999938964844,1846800
2023-02-14,45.71333312988281,45.959999084472656,44.69333267211914,44.706668853759766,2044350
2023-02-15,44.753334045410156,45.17333221435547,44.62666702270508,44.893333435058594,1317600
2023-02-16,44.67333221435547,45.026668548583984,44.400001525878906,44.56666564941406,1461900
2023-02-17,44.560001373291016,45.13999938964844,44.526668548583984,44.7599983215332,3295650
2023-02-21,44.72666549682617,44.766666412353516,44.22666549682617,44.52000045776367,1918050
2023-02-22,44.766666412353516,44.87333297729492,44.37333297729492,44.400001525878906,1274550
2023-02-23,44.46666717529297,44.766666412353516,43.913333892822266,44.18000030517578,1546050
2023-02-24,43.753334045410156,44.38666534423828,43.69333267211914,44.233333587646484,2446050
2023-02-27,44.253334045410156,44.599998474121094,44.0,44.19333267211914,1450950
2023-02-28,44.38666534423828,44.560001373291016,44.02000045776367,44.12666702270508,2501700
2023-03-01,43.893333435058594,44.866668701171875,43.866668701171875,44.83333206176758,2058000
2023-03-02,44.686668395996094,44.91999816894531,44.220001220703125,44.893333435058594,2394300
2023-03-03,44.77333450317383,45.14666748046875,44.37333297729492,45.026668548583984,2167500
2023-03-06,45.04666519165039,45.16666793823242,44.37333297729492,44.62666702270508,1508100
2023-03-07,44.6533317565918,44.71333312988281,43.793331146240234,44.02000045776367,1895700
2023-03-08,43.939998626708984,44.20000076293945,43.14666748046875,43.40666580200195,3041250
2023-03-09,43.526668548583984,43.526668548583984,42.380001068115234,42.606666564941406,2078400
2023-03-10,42.279998779296875,42.56666564941406,41.706668853759766,41.77333450317383,3050700
2023-03-13,41.0,41.09333419799805,39.98666763305664,40.1533317565918,2966550
2023-03-14,40.733333587646484,41.026668548583984,40.08000183105469,40.78666687011719,2232900
2023-03-15,40.29999923706055,40.71333312988281,39.66666793823242,40.20000076293945,5244300
2023-03-16,40.09333419799805,42.04666519165039,39.98666763305664,41.939998626708984,4798350
2023-03-17,41.72666549682617,41.72666549682617,40.63999938964844,40.66666793823242,7300650
2023-03-20,40.939998626708984,41.586666107177734,40.86000061035156,41.12666702270508,3524250
2023-03-21,41.83333206176758,42.21333312988281,41.59333419799805,41.66666793823242,2327850
2023-03-22,41.68000030517578,41.813331604003906,40.686668395996094,40.70000076293945,1976400
2023-03-23,40.66666793823242,40.706668853759766,39.82666778564453,39.97999954223633,1634550
2023-03-24,39.5533332824707,40.14666748046875,39.279998779296875,40.02000045776367,1621050
2023-03-27,40.59333419799805,41.040000915527344,40.3466682434082,40.779998779296875,1873200
2023-03-28,40.61333465576172,41.11333465576172,40.46666717529297,40.95333480834961,1668600
2023-03-29,41.33333206176758,41.426666259765625,40.959999084472656,41.32666778564453,1959000
2023-03-30,41.380001068115234,41.380001068115234,40.880001068115234,41.33333206176758,1265400
2023-03-31,41.69333267211914,41.69333267211914,41.293331146240234,41.50666809082031,3175050
2023-04-03,41.63999938964844,42.27333450317383,41.439998626708984,41.893333435058594,2485800
2023-04-04,42.0,42.026668548583984,41.026668548583984,41.606666564941406,1270800
2023-04-05,41.4466667175293,41.97999954223633,41.38666534423828,41.766666412353516,1618650
2023-04-06,41.973331451416016,42.54666519165039,41.720001220703125,42.06666564941406,1966650
2023-04-10,41.98666763305664,42.22666549682617,41.866668701171875,41.99333190917969,1717800
2023-04-11,42.0,42.2599983215332,41.86000061035156,42.06666564941406,1436400
2023-04-12,41.99333190917969,42.29999923706055,41.573333740234375,41.893333435058594,2392050
2023-04-13,41.53333282470703,41.926666259765625,41.16666793823242,41.77333450317383,2239950
2023-04-14,41.959999084472656,42.1533317565918,40.753334045410156,40.98666763305664,2180250
2023-04-17,41.0,41.66666793823242,40.753334045410156,41.66666793823242,1694250
2023-04-18,41.733333587646484,42.1533317565918,41.560001373291016,41.959999084472656,1817250
2023-04-19,42.099998474121094,42.15999984741211,41.733333587646484,41.88666534423828,2332650
2023-04-20,41.973331451416016,42.30666732788086,41.459999084472656,42.2400016784668,3935100
2023-04-21,39.473331451416016,39.5,37.366668701171875,38.3466682434082,12003300
2023-04-24,38.599998474121094,39.61333465576172,38.3466682434082,38.586666107177734,5800050
2023-04-25,38.393333435058594,39.2400016784668,38.279998779296875,38.41999816894531,3564150
2023-04-26,38.28666687011719,39.0533332824707,37.7599983215332,38.2400016784668,3564000
2023-04-27,37.9466667175293,38.67333221435547,37.91999816894531,38.53333282470703,3213000
2023-04-28,38.52000045776367,39.37333297729492,38.29999923706055,39.279998779296875,4200900
2023-05-01,39.253334045410156,39.87333297729492,39.02000045776367,39.81999969482422,3095250
2023-05-02,39.706668853759766,39.779998779296875,38.7400016784668,38.93333435058594,3196950
2023-05-03,38.93333435058594,39.133331298828125,38.65999984741211,38.733333587646484,3269100
2023-05-04,38.46666717529297,38.85333251953125,38.02000045776367,38.63999938964844,3543300
2023-05-05,39.060001373291016,39.526668548583984,39.0,39.099998474121094,1962000
2023-05-08,39.33333206176758,39.43333435058594,39.133331298828125,39.13999938964844,1579350
2023-05-09,39.060001373291016,39.58000183105469,38.97999954223633,39.29999923706055,2258100
2023-05-10,39.36000061035156,39.52000045776367,38.53333282470703,39.32666778564453,1725450
2023-05-11,39.16666793823242,39.313331604003906,39.0,39.253334045410156,1655250
2023-05-12,39.56666564941406,39.56666564941406,39.0,39.279998779296875,1745250
2023-05-15,39.426666259765625,39.47999954223633,38.973331451416016,39.3466682434082,1528800
2023-05-16,39.22666549682617,39.33333206176758,38.83333206176758,38.84000015258789,1655100
2023-05-17,38.926666259765625,38.959999084472656,38.253334045410156,38.28666687011719,3525300
2023-05-18,38.313331604003906,38.393333435058594,37.939998626708984,38.36000061035156,2527650
2023-05-19,38.6533317565918,38.893333435058594,38.279998779296875,38.43333435058594,5574600
2023-05-22,38.38666534423828,38.926666259765625,37.913333892822266,38.913333892822266,2777850
2023-05-23,38.95333480834961,39.15999984741211,38.46666717529297,38.50666809082031,2141250
2023-05-24,38.49333190917969,38.49333190917969,37.8466682434082,37.87333297729492,1802100
2023-05-25,37.459999084472656,37.77333450317383,37.11333465576172,37.400001525878906,3650250
2023-05-26,37.35333251953125,37.526668548583984,37.0,37.43333435058594,2786400
2023-05-30,37.59333419799805,37.939998626708984,37.246665954589844,37.88666534423828,2288250
2023-05-31,37.66666793823242,37.8466682434082,37.0533332824707,37.119998931884766,4051350
2023-06-01,37.13999938964844,37.95333480834961,37.0,37.939998626708984,2238750
2023-06-02,38.233333587646484,38.606666564941406,37.99333190917969,38.43333435058594,2442750
2023-06-05,38.49333190917969,38.64666748046875,37.91999816894531,38.279998779296875,1874400
2023-06-06,38.246665954589844,38.439998626708984,38.04666519165039,38.366668701171875,1267500
2023-06-07,38.32666778564453,38.61333465576172,37.866668701171875,38.46666717529297,1798200
2023-06-08,38.380001068115234,38.46666717529297,38.0,38.20000076293945,1459200
2023-06-09,38.133331298828125,38.52000045776367,38.119998931884766,38.12666702270508,1312050
2023-06-12,38.06666564941406,38.19333267211914,37.7400016784668,38.099998474121094,1335450
2023-06-13,38.0533332824707,38.69333267211914,37.973331451416016,38.099998474121094,2115150
2023-06-14,38.1533317565918,38.46666717529297,37.573333740234375,37.69333267211914,2551800
2023-06-15,38.41999816894531,39.086666107177734,38.18000030517578,38.93333435058594,2938800
2023-06-16,39.1533317565918,39.69333267211914,39.073333740234375,39.52000045776367,5677050
2023-06-20,39.313331604003906,39.32666778564453,38.813331604003906,38.96666717529297,1759500
2023-06-21,38.82666778564453,39.32666778564453,38.66666793823242,39.2599983215332,1632750
2023-06-22,39.29999923706055,39.393333435058594,38.619998931884766,38.97999954223633,1625400
2023-06-23,38.779998779296875,39.2400016784668,38.706668853759766,38.80666732788086,2182500
2023-06-26,38.91999816894531,39.1533317565918,38.573333740234375,39.106666564941406,1518450
2023-06-27,39.106666564941406,39.47999954223633,39.06666564941406,39.1533317565918,1275750
2023-06-28,38.97999954223633,39.12666702270508,38.279998779296875,38.746665954589844,2004750
2023-06-29,38.733333587646484,39.459999084472656,38.733333587646484,39.413333892822266,1294500
2023-06-30,39.56666564941406,39.939998626708984,39.29999923706055,39.706668853759766,1777200
2023-07-03,39.64666748046875,40.03333282470703,39.46666717529297,39.78666687011719,814800
2023-07-05,39.48666763305664,39.813331604003906,39.099998474121094,39.78666687011719,2001150
2023-07-06,39.633331298828125,39.973331451416016,39.5,39.706668853759766,1789050
2023-07-07,39.45333480834961,40.186668395996094,39.426666259765625,39.90666580200195,1882650
2023-07-10,39.7599983215332,40.31999969482422,39.62666702270508,39.65999984741211,1767150
2023-07-11,39.65999984741211,39.9466667175293,39.54666519165039,39.926666259765625,1635300
2023-07-12,40.18000030517578,40.266666412353516,39.62666702270508,39.746665954589844,1766850
2023-07-13,39.37333297729492,39.586666107177734,39.2599983215332,39.30666732788086,1838550
2023-07-14,39.2599983215332,39.366668701171875,38.526668548583984,39.28666687011719,2088300
2023-07-17,39.413333892822266,40.573333740234375,39.400001525878906,40.35333251953125,2012850
2023-07-18,40.22666549682617,40.5533332824707,40.11333465576172,40.37333297729492,1449450
2023-07-19,40.46666717529297,40.77333450317383,40.35333251953125,40.41999816894531,1280550
2023-07-20,40.68000030517578,41.133331298828125,40.51333236694336,41.09333419799805,3510150
2023-07-21,43.00666809082031,43.00666809082031,40.41999816894531,41.04666519165039,3812250
2023-07-24,41.026668548583984,41.253334045410156,40.63999938964844,40.880001068115234,2470050
2023-07-25,41.060001373291016,41.060001373291016,40.400001525878906,40.49333190917969,1907700
2023-07-26,40.686668395996094,41.33333206176758,40.686668395996094,41.18000030517578,1896150
2023-07-27,41.28666687011719,41.79999923706055,41.03333282470703,41.66666793823242,2766600
2023-07-28,41.96666717529297,41.96666717529297,41.19333267211914,41.586666107177734,2502450
2023-07-31,41.59333419799805,41.83333206176758,40.939998626708984,41.12666702270508,3005550
2023-08-01,41.12666702270508,41.413333892822266,40.880001068115234,41.12666702270508,931200
2023-08-02,41.14666748046875,41.959999084472656,41.133331298828125,41.766666412353516,1506450
2023-08-03,41.77333450317383,41.913333892822266,41.28666687011719,41.560001373291016,1483350
2023-08-04,41.37333297729492,41.66666793823242,41.206668853759766,41.266666412353516,1588500
2023-08-07,41.48666763305664,42.220001220703125,41.48666763305664,42.00666809082031,972600
2023-08-08,41.7400016784668,41.91999816894531,41.56666564941406,41.78666687011719,1675500
2023-08-09,41.753334045410156,42.106666564941406,41.560001373291016,41.84000015258789,1182750
2023-08-10,42.0,42.56666564941406,42.0,42.21333312988281,2364450
2023-08-11,42.18000030517578,42.67333221435547,42.11333465576172,42.62666702270508,1419000
2023-08-14,42.77333450317383,42.77333450317383,42.40666580200195,42.53333282470703,1299300
2023-08-15,42.20000076293945,42.40666580200195,41.779998779296875,41.82666778564453,943950
2023-08-16,41.900001525878906,42.27333450317383,41.720001220703125,41.746665954589844,1205250
2023-08-17,42.00666809082031,42.00666809082031,41.186668395996094,41.22666549682617,1031700
2023-08-18,41.12666702270508,41.48666763305664,41.073333740234375,41.293331146240234,1229850
2023-08-21,41.3466682434082,41.40666580200195,40.78666687011719,40.866668701171875,1403550
2023-08-22,40.779998779296875,40.959999084472656,40.43333435058594,40.47999954223633,1039800
2023-08-23,40.41999816894531,40.82666778564453,40.246665954589844,40.6533317565918,1483050
2023-08-24,40.573333740234375,41.18000030517578,40.5,40.540000915527344,1068750
2023-08-25,40.606666564941406,40.96666717529297,40.426666259765625,40.619998931884766,892200
2023-08-28,40.43333435058594,41.01333236694336,40.43333435058594,40.85333251953125,1137150
2023-08-29,41.02000045776367,41.21333312988281,40.4466667175293,41.16666793823242,1312350
2023-08-30,41.17333221435547,41.400001525878906,40.97999954223633,41.106666564941406,1561500
2023-08-31,41.28666687011719,41.3466682434082,40.926666259765625,41.2400016784668,2068800
2023-09-01,41.540000915527344,41.7400016784668,41.439998626708984,41.619998931884766,828450
2023-09-05,41.61333465576172,41.866668701171875,41.14666748046875,41.16666793823242,1080900
2023-09-06,41.026668548583984,41.21333312988281,40.78666687011719,41.02000045776367,991050
2023-09-07,41.17333221435547,41.33333206176758,40.86000061035156,41.186668395996094,1963650
2023-09-08,41.279998779296875,41.63999938964844,41.086666107177734,41.28666687011719,1142700
2023-09-11,41.38666534423828,41.6533317565918,41.30666732788086,41.47999954223633,1176750
2023-09-12,41.58000183105469,42.31999969482422,41.54666519165039,42.18000030517578,1023450
2023-09-13,42.32666778564453,42.32666778564453,41.86000061035156,42.106666564941406,1556400
2023-09-14,42.40666580200195,43.073333740234375,42.279998779296875,43.06666564941406,2255700
2023-09-15,42.866668701171875,43.03333282470703,42.619998931884766,42.746665954589844,2956800
2023-09-18,42.900001525878906,43.393333435058594,42.71333312988281,43.34000015258789,1262700
2023-09-19,43.53333282470703,43.733333587646484,43.279998779296875,43.61333465576172,1569150
2023-09-20,43.926666259765625,43.939998626708984,43.52000045776367,43.766666412353516,1907400
2023-09-21,43.70000076293945,43.7599983215332,43.40666580200195,43.41999816894531,1624350
2023-09-22,43.0,43.459999084472656,42.97999954223633,43.27333450317383,1200750
2023-09-25,43.073333740234375,43.28666687011719,42.9466667175293,43.27333450317383,1428300
2023-09-26,43.13999938964844,43.33333206176758,42.893333435058594,42.95333480834961,1232100
2023-09-27,43.0,43.206668853759766,42.366668701171875,42.900001525878906,2279400
2023-09-28,43.00666809082031,43.65999984741211,42.98666763305664,43.37333297729492,1795050
2023-09-29,43.413333892822266,43.413333892822266,42.220001220703125,42.32666778564453,1632750
2023-10-02,42.14666748046875,42.22666549682617,41.5533332824707,41.9466667175293,1766850
2023-10-03,41.87333297729492,41.939998626708984,41.37333297729492,41.62666702270508,1705650
2023-10-04,41.68000030517578,42.41999816894531,41.68000030517578,42.29999923706055,1633050
2023-10-05,42.380001068115234,43.02000045776367,42.380001068115234,42.81999969482422,1288050
2023-10-06,42.84000015258789,43.026668548583984,42.5533332824707,42.606666564941406,1631850
2023-10-09,42.459999084472656,42.80666732788086,42.293331146240234,42.52000045776367,1146750
2023-10-10,42.63999938964844,42.66666793823242,41.973331451416016,42.12666702270508,1679550
2023-10-11,42.119998931884766,42.900001525878906,42.086666107177734,42.7599983215332,2291400
2023-10-12,42.939998626708984,43.040000915527344,42.073333740234375,42.29999923706055,1649850
2023-10-13,42.61333465576172,42.80666732788086,42.30666732788086,42.560001373291016,1073700
2023-10-16,42.746665954589844,43.400001525878906,42.66666793823242,43.34000015258789,1440600
2023-10-17,43.37333297729492,44.08000183105469,43.233333587646484,44.060001373291016,1428000
2023-10-18,44.06666564941406,44.2400016784668,43.473331451416016,43.49333190917969,1399500
2023-10-19,43.426666259765625,43.64666748046875,42.753334045410156,42.82666778564453,1094850
2023-10-20,42.880001068115234,42.99333190917969,42.11333465576172,42.186668395996094,1869150
2023-10-23,42.220001220703125,42.366668701171875,41.81999969482422,41.926666259765625,1783650
2023-10-24,44.63999938964844,45.540000915527344,43.900001525878906,44.50666809082031,5529900
2023-10-25,44.93333435058594,45.31999969482422,44.459999084472656,44.706668853759766,3079350
2023-10-26,44.766666412353516,45.22666549682617,44.426666259765625,44.70000076293945,2274300
2023-10-27,44.426666259765625,44.5533332824707,43.20000076293945,43.54666519165039,2492250
2023-10-30,43.71333312988281,44.606666564941406,43.58000183105469,44.473331451416016,2253450
2023-10-31,44.46666717529297,45.119998931884766,44.2400016784668,44.9466667175293,4236000
2023-11-01,45.29999923706055,45.526668548583984,44.93333435058594,45.28666687011719,1988400
2023-11-02,45.38666534423828,45.439998626708984,44.66666793823242,45.206668853759766,1849500
2023-11-03,45.459999084472656,45.606666564941406,44.91999816894531,45.253334045410156,1583700
2023-11-06,45.246665954589844,45.72666549682617,45.21333312988281,45.459999084472656,1353600
2023-11-07,45.47999954223633,45.706668853759766,45.266666412353516,45.53333282470703,1203150
2023-11-08,45.586666107177734,45.61333465576172,44.939998626708984,45.266666412353516,1095000
2023-11-09,45.3466682434082,45.426666259765625,44.880001068115234,44.939998626708984,871950
2023-11-10,44.99333190917969,45.49333190917969,44.93333435058594,45.43333435058594,917100
2023-11-13,45.540000915527344,45.96666717529297,45.400001525878906,45.85333251953125,1348200
2023-11-14,45.67333221435547,45.86000061035156,45.29999923706055,45.64666748046875,1763700
2023-11-15,45.64666748046875,46.21333312988281,45.4466667175293,45.69333267211914,2537250
2023-11-16,46.01333236694336,46.526668548583984,45.90666580200195,46.51333236694336,1679250
2023-11-17,46.573333740234375,46.97999954223633,46.41999816894531,46.80666732788086,1661400
2023-11-20,46.606666564941406,46.8466682434082,46.400001525878906,46.43333435058594,1225650
2023-11-21,46.633331298828125,47.5533332824707,46.633331298828125,47.426666259765625,1825350
2023-11-22,47.293331146240234,47.793331146240234,47.27333450317383,47.380001068115234,1422450
2023-11-24,47.2599983215332,48.13999938964844,47.2599983215332,47.88666534423828,715200
2023-11-27,47.813331604003906,48.0,47.599998474121094,47.866668701171875,1398900
2023-11-28,47.85333251953125,48.06666564941406,47.426666259765625,47.43333435058594,1338150
2023-11-29,47.313331604003906,47.35333251953125,46.866668701171875,47.04666519165039,1328100
2023-11-30,47.08000183105469,48.5,47.08000183105469,48.366668701171875,9089100
2023-12-01,48.19333267211914,49.04666519165039,48.19333267211914,48.84000015258789,2577000
2023-12-04,48.72666549682617,49.439998626708984,48.706668853759766,49.099998474121094,2305200
2023-12-05,49.00666809082031,49.13999938964844,48.706668853759766,48.80666732788086,1336800
2023-12-06,48.779998779296875,49.19333267211914,47.91999816894531,48.04666519165039,1911750
2023-12-07,48.17333221435547,48.2400016784668,47.17333221435547,47.266666412353516,1900950
2023-12-08,47.266666412353516,47.619998931884766,47.08000183105469,47.5533332824707,1313700
2023-12-11,47.9466667175293,48.439998626708984,47.746665954589844,48.439998626708984,1763100
2023-12-12,48.59333419799805,49.18000030517578,48.4466667175293,48.86000061035156,1573800
2023-12-13,48.72666549682617,48.93333435058594,48.38666534423828,48.526668548583984,2282100
2023-12-14,48.599998474121094,48.599998474121094,46.733333587646484,47.4466667175293,3201900
2023-12-15,46.67333221435547,47.00666809082031,46.31999969482422,46.813331604003906,5343900
2023-12-18,47.08000183105469,47.43333435058594,46.61333465576172,47.14666748046875,1955550
2023-12-19,46.79999923706055,47.206668853759766,46.70000076293945,46.766666412353516,1882200
2023-12-20,46.619998931884766,46.84000015258789,46.19333267211914,46.206668853759766,2692800
2023-12-21,46.026668548583984,46.526668548583984,45.746665954589844,46.50666809082031,2353950
2023-12-22,46.65999984741211,46.926666259765625,46.586666107177734,46.80666732788086,1435350
2023-12-26,46.68000030517578,46.88666534423828,46.586666107177734,46.733333587646484,661050
2023-12-27,46.56666564941406,46.83333206176758,46.47999954223633,46.70000076293945,1018650
2023-12-28,46.7400016784668,47.073333740234375,46.7400016784668,46.9466667175293,955800
2023-12-29,47.026668548583984,47.2400016784668,46.7400016784668,47.14666748046875,1179000
2024-01-02,47.18000030517578,48.106666564941406,47.18000030517578,48.099998474121094,1578300
2024-01-03,48.19333267211914,48.88666534423828,48.19333267211914,48.37333297729492,1651650
2024-01-04,48.686668395996094,49.20000076293945,48.686668395996094,48.779998779296875,1849050
2024-01-05,49.119998931884766,49.66666793823242,48.8466682434082,49.573333740234375,1844550
2024-01-08,49.33333206176758,49.4466667175293,47.98666763305664,48.40666580200195,1820700
2024-01-09,48.34000015258789,48.426666259765625,47.586666107177734,48.1533317565918,1810500
2024-01-10,48.040000915527344,48.313331604003906,47.926666259765625,48.0,1497000
2024-01-11,48.01333236694336,48.65999984741211,47.959999084472656,48.586666107177734,1269750
2024-01-12,48.80666732788086,48.939998626708984,48.45333480834961,48.540000915527344,1605600
2024-01-16,48.746665954589844,49.00666809082031,48.47999954223633,48.866668701171875,1426950
2024-01-17,48.913333892822266,49.70000076293945,48.90666580200195,49.1533317565918,1255350
2024-01-18,48.913333892822266,49.62666702270508,48.686668395996094,49.586666107177734,908700
2024-01-19,50.0,50.35333251953125,49.72666549682617,50.21333312988281,2227050
2024-01-22,50.17333221435547,51.473331451416016,50.099998474121094,51.38666534423828,2706000
2024-01-23,51.380001068115234,51.793331146240234,51.01333236694336,51.186668395996094,2017050
2024-01-24,51.95333480834961,52.18000030517578,51.65999984741211,51.793331146240234,2854050
2024-01-25,55.62666702270508,56.67333221435547,54.06666564941406,55.51333236694336,4434600
2024-01-26,55.41999816894531,55.573333740234375,54.246665954589844,54.313331604003906,2664900
2024-01-29,53.95333480834961,54.13999938964844,53.54666519165039,54.12666702270508,2263200
2024-01-30,54.279998779296875,54.753334045410156,54.17333221435547,54.41999816894531,1390050
2024-01-31,54.59333419799805,54.973331451416016,54.43333435058594,54.586666107177734,3056700
2024-02-01,54.133331298828125,54.20000076293945,53.19333267211914,53.52000045776367,2392800
2024-02-02,53.82666778564453,54.313331604003906,53.606666564941406,53.913333892822266,1678200
2024-02-05,53.99333190917969,54.473331451416016,53.706668853759766,54.253334045410156,1050750
2024-02-06,53.959999084472656,54.21333312988281,53.58000183105469,53.65999984741211,1221150
2024-02-07,53.866668701171875,53.900001525878906,53.45333480834961,53.560001373291016,1406100
2024-02-08,53.393333435058594,53.54666519165039,52.959999084472656,53.253334045410156,1707000
2024-02-09,52.95333480834961,53.68000030517578,52.866668701171875,53.6533317565918,1372200
2024-02-12,53.78666687011719,54.253334045410156,53.573333740234375,53.80666732788086,1006500
2024-02-13,54.366668701171875,54.439998626708984,53.5,53.959999084472656,1791000
2024-02-14,54.086666107177734,54.90666580200195,54.086666107177734,54.61333465576172,1580400
2024-02-15,54.64666748046875,55.279998779296875,54.586666107177734,54.8466682434082,1490850
2024-02-16,54.98666763305664,55.459999084472656,54.766666412353516,55.073333740234375,1312350
2024-02-20,54.88666534423828,55.36000061035156,54.64666748046875,54.6533317565918,1453050
2024-02-21,54.866668701171875,55.69333267211914,54.69333267211914,55.6533317565918,1876200
2024-02-22,55.84000015258789,57.29999923706055,55.706668853759766,57.13999938964844,2663550
2024-02-23,57.33333206176758,57.5533332824707,56.7599983215332,56.87333297729492,1658400
2024-02-26,57.133331298828125,57.4466667175293,56.62666702270508,56.779998779296875,1996200
2024-02-27,56.779998779296875,56.81999969482422,56.27333450317383,56.586666107177734,1077900
2024-02-28,56.66666793823242,56.880001068115234,56.34000015258789,56.37333297729492,1303650
2024-02-29,56.33333206176758,56.40666580200195,55.073333740234375,55.733333587646484,2872200
2024-03-01,55.83333206176758,55.83333206176758,55.12666702270508,55.12666702270508,1359750
2024-03-04,55.18000030517578,55.880001068115234,55.18000030517578,55.7400016784668,1552800
2024-03-05,55.6533317565918,56.33333206176758,55.6533317565918,56.03333282470703,1591200
2024-03-06,56.09333419799805,56.63999938964844,55.68000030517578,56.49333190917969,1371000
2024-03-07,56.33333206176758,56.706668853759766,56.106666564941406,56.12666702270508,1301550
2024-03-08,56.040000915527344,56.46666717529297,55.86000061035156,56.266666412353516,1266600
2024-03-11,56.119998931884766,57.04666519165039,56.119998931884766,56.62666702270508,1191750
2024-03-12,56.77333450317383,57.29999923706055,56.5533332824707,57.086666107177734,1883850
2024-03-13,57.253334045410156,57.33333206176758,56.72666549682617,56.99333190917969,1918800
2024-03-14,56.939998626708984,57.060001373291016,56.19333267211914,56.81999969482422,1716000
2024-03-15,56.279998779296875,57.04666519165039,56.099998474121094,57.00666809082031,3788250
2024-03-18,56.66666793823242,56.939998626708984,56.48666763305664,56.65999984741211,1366200
2024-03-19,57.119998931884766,57.540000915527344,56.86000061035156,57.33333206176758,1694550
2024-03-20,57.279998779296875,57.79999923706055,57.206668853759766,57.573333740234375,1393950
2024-03-21,57.43333435058594,57.79999923706055,56.913333892822266,57.21333312988281,1347450
2024-03-22,57.84000015258789,57.98666763305664,57.400001525878906,57.48666763305664,1855350
2024-03-25,57.573333740234375,57.973331451416016,57.393333435058594,57.813331604003906,1380450
2024-03-26,57.61333465576172,58.12666702270508,57.473331451416016,57.69333267211914,1833300
2024-03-27,57.86000061035156,58.80666732788086,57.86000061035156,58.779998779296875,1564500
2024-03-28,59.073333740234375,59.459999084472656,58.86000061035156,58.959999084472656,2471550
2024-04-01,58.866668701171875,58.913333892822266,58.233333587646484,58.32666778564453,1722750
2024-04-02,58.3466682434082,58.77333450317383,58.0533332824707,58.17333221435547,1836750
2024-04-03,58.279998779296875,58.400001525878906,57.86000061035156,58.026668548583984,1753050
2024-04-04,58.17333221435547,58.8466682434082,57.67333221435547,57.7400016784668,1251000
2024-04-05,58.060001373291016,58.41999816894531,57.95333480834961,58.17333221435547,1745250
2024-04-08,58.14666748046875,58.47999954223633,57.7599983215332,57.893333435058594,1676550
2024-04-09,57.91999816894531,58.233333587646484,55.439998626708984,55.82666778564453,2339550
2024-04-10,55.68000030517578,56.37333297729492,55.68000030517578,55.95333480834961,1708500
2024-04-11,56.01333236694336,56.01333236694336,54.753334045410156,54.793331146240234,1783200
2024-04-12,54.81999969482422,55.119998931884766,54.38666534423828,54.766666412353516,1563600
2024-04-15,55.52000045776367,55.65999984741211,54.58000183105469,54.66666793823242,1702800
2024-04-16,54.939998626708984,55.099998474121094,54.52000045776367,54.746665954589844,1576050
2024-04-17,54.64666748046875,54.64666748046875,53.58000183105469,53.80666732788086,2505750
2024-04-18,54.28666687011719,54.5,53.733333587646484,53.98666763305664,1655400
2024-04-19,54.36000061035156,54.95333480834961,54.00666809082031,54.93333435058594,2927250
2024-04-22,55.2599983215332,55.88666534423828,55.0,55.619998931884766,2266050
2024-04-23,55.66666793823242,55.84000015258789,52.02000045776367,52.720001220703125,6044850
2024-04-24,51.79999923706055,52.43333435058594,51.2400016784668,51.900001525878906,4296000
2024-04-25,51.746665954589844,52.33333206176758,51.7400016784668,51.939998626708984,2803200
2024-04-26,51.2599983215332,51.753334045410156,50.72666549682617,51.099998474121094,2152950
2024-04-29,51.13999938964844,51.606666564941406,51.12666702270508,51.586666107177734,1588800
2024-04-30,51.67333221435547,51.67333221435547,51.233333587646484,51.313331604003906,2431650
2024-05-01,51.31999969482422,52.393333435058594,51.246665954589844,51.85333251953125,1841700
2024-05-02,52.186668395996094,52.77333450317383,51.80666732788086,52.67333221435547,2038500
2024-05-03,52.32666778564453,52.6533317565918,51.619998931884766,52.37333297729492,1889850
2024-05-06,52.64666748046875,52.64666748046875,52.0,52.473331451416016,1519950
2024-05-07,52.733333587646484,52.813331604003906,52.279998779296875,52.366668701171875,1511850
2024-05-08,52.4466667175293,52.83333206176758,52.33333206176758,52.37333297729492,1274250
2024-05-09,52.206668853759766,52.586666107177734,52.19333267211914,52.526668548583984,960450
2024-05-10,52.633331298828125,53.18000030517578,52.53333282470703,53.15999984741211,1133850
2024-05-13,53.099998474121094,53.206668853759766,52.293331146240234,52.40666580200195,1227300
2024-05-14,52.29999923706055,52.66666793823242,52.266666412353516,52.5533332824707,1237800
2024-05-15,52.21333312988281,52.68000030517578,52.133331298828125,52.246665954589844,1918200
2024-05-16,53.19333267211914,53.30666732788086,52.313331604003906,52.393333435058594,1437000
2024-05-17,52.54666519165039,52.893333435058594,52.2400016784668,52.87333297729492,1193400
2024-05-20,52.97999954223633,53.060001373291016,52.313331604003906,52.4466667175293,1038150
2024-05-21,52.49333190917969,53.46666717529297,52.49333190917969,52.81999969482422,1611900
2024-05-22,52.79999923706055,53.619998931884766,52.79999923706055,53.393333435058594,1418550
2024-05-23,53.233333587646484,53.473331451416016,52.34000015258789,52.56666564941406,1192800
2024-05-24,52.733333587646484,52.88666534423828,52.31999969482422,52.86000061035156,897450
2024-05-28,52.67333221435547,52.9466667175293,52.35333251953125,52.380001068115234,1257000
2024-05-29,52.21333312988281,52.59333419799805,51.93333435058594,51.96666717529297,1939050
2024-05-30,51.866668701171875,53.17333221435547,51.866668701171875,53.0,1670550
2024-05-31,53.106666564941406,54.11333465576172,52.80666732788086,54.02000045776367,2531250
2024-06-03,53.9466667175293,54.02000045776367,53.040000915527344,53.380001068115234,1370100
2024-06-04,53.22666549682617,53.793331146240234,52.97999954223633,53.560001373291016,2286000
2024-06-05,53.69333267211914,53.7400016784668,52.686668395996094,53.22666549682617,1056750
2024-06-06,53.41999816894531,53.573333740234375,52.96666717529297,53.073333740234375,877500
2024-06-07,53.30666732788086,53.86000061035156,53.15999984741211,53.46666717529297,924000
2024-06-10,53.33333206176758,53.53333282470703,52.88666534423828,53.18000030517578,745050
2024-06-11,52.98666763305664,53.026668548583984,52.246665954589844,52.30666732788086,1288350
2024-06-12,52.119998931884766,52.50666809082031,51.746665954589844,52.11333465576172,1913250
2024-06-13,51.19333267211914,52.32666778564453,51.17333221435547,52.18000030517578,2138250
2024-06-14,51.86000061035156,52.206668853759766,51.64666748046875,52.099998474121094,1601850
2024-06-17,52.220001220703125,53.46666717529297,52.220001220703125,53.14666748046875,1818150
2024-06-18,53.040000915527344,53.706668853759766,52.98666763305664,53.4466667175293,1360200
2024-06-20,53.619998931884766,54.366668701171875,53.41999816894531,54.02000045776367,1550250
2024-06-21,54.1533317565918,54.29999923706055,53.413333892822266,53.65999984741211,2805000
2024-06-24,53.599998474121094,54.15999984741211,53.32666778564453,53.893333435058594,1664550
2024-06-25,53.926666259765625,54.21333312988281,53.5,53.939998626708984,1419900
2024-06-26,53.619998931884766,53.619998931884766,52.47999954223633,52.87333297729492,1220700
2024-06-27,52.93333435058594,53.33333206176758,52.733333587646484,52.91999816894531,1322400
2024-06-28,52.80666732788086,53.18000030517578,52.15999984741211,52.38666534423828,3511650
2024-07-01,52.99333190917969,53.413333892822266,52.36000061035156,52.68000030517578,1329150
2024-07-02,52.380001068115234,53.09333419799805,52.380001068115234,52.80666732788086,1694700
2024-07-03,52.413333892822266,52.900001525878906,52.22666549682617,52.779998779296875,842850
2024-07-05,52.51333236694336,52.733333587646484,52.12666702270508,52.426666259765625,2002200
2024-07-08,52.866668701171875,53.33333206176758,52.79999923706055,53.08000183105469,1198200
2024-07-09,52.91999816894531,53.253334045410156,52.47999954223633,52.5,1018650
2024-07-10,52.69333267211914,53.133331298828125,52.619998931884766,53.086666107177734,1219350
2024-07-11,52.619998931884766,53.0,51.84000015258789,52.290000915527344,1927900
2024-07-12,52.790000915527344,53.56999969482422,52.290000915527344,53.45000076293945,1721000
2024-07-15,53.58000183105469,54.31999969482422,53.58000183105469,54.02000045776367,1294900
2024-07-16,54.13999938964844,54.869998931884766,54.13999938964844,54.43000030517578,1614600
2024-07-17,54.849998474121094,55.849998474121094,54.779998779296875,55.790000915527344,1561400
2024-07-18,55.81999969482422,56.65999984741211,55.81999969482422,56.209999084472656,1158100
2024-07-19,55.54999923706055,55.75,51.40999984741211,51.540000915527344,4404800
2024-07-22,51.77000045776367,52.68000030517578,51.5099983215332,51.81999969482422,4162700
2024-07-23,53.5,53.95000076293945,51.880001068115234,52.209999084472656,4001100
2024-07-24,52.380001068115234,52.959999084472656,52.099998474121094,52.290000915527344,2155300
2024-07-25,52.279998779296875,53.22999954223633,52.20000076293945,52.470001220703125,1552900
2024-07-26,52.63999938964844,54.15999984741211,52.63999938964844,54.06999969482422,1384700
2024-07-29,54.18000030517578,54.470001220703125,53.630001068115234,53.95000076293945,993000
2024-07-30,54.20000076293945,55.65999984741211,53.779998779296875,55.459999084472656,1457700
2024-07-31,55.34000015258789,55.58000183105469,54.77000045776367,55.130001068115234,2589400
2024-08-01,55.380001068115234,55.68000030517578,53.900001525878906,54.77000045776367,1371800
2024-08-02,54.70000076293945,55.310001373291016,53.959999084472656,55.18000030517578,1392100
2024-08-05,55.65999984741211,55.79999923706055,53.650001525878906,54.72999954223633,2131400
2024-08-06,54.880001068115234,55.66999816894531,54.790000915527344,55.099998474121094,2059800
2024-08-07,55.38999938964844,56.540000915527344,55.119998931884766,55.97999954223633,2723700
2024-08-08,56.0,56.95000076293945,55.880001068115234,56.709999084472656,1585100
2024-08-09,56.880001068115234,57.18000030517578,56.4900016784668,57.130001068115234,1322400
2024-08-12,57.34000015258789,57.56999969482422,57.0099983215332,57.15999984741211,1752900
2024-08-13,57.16999816894531,57.369998931884766,56.220001220703125,56.52000045776367,1646400
2024-08-14,56.790000915527344,57.470001220703125,56.540000915527344,57.310001373291016,1221100
2024-08-15,57.619998931884766,58.09000015258789,57.40999984741211,57.58000183105469,1391300
2024-08-16,57.790000915527344,57.91999816894531,57.08000183105469,57.560001373291016,1311700
2024-08-19,57.459999084472656,57.900001525878906,57.310001373291016,57.400001525878906,735600
2024-08-20,57.290000915527344,57.61000061035156,57.119998931884766,57.349998474121094,886400
2024-08-21,57.560001373291016,57.709999084472656,56.849998474121094,57.619998931884766,887700
2024-08-22,57.61000061035156,58.029998779296875,57.5,57.97999954223633,632900
2024-08-23,57.9900016784668,58.34000015258789,57.81999969482422,58.220001220703125,919600
2024-08-26,58.369998931884766,58.86000061035156,58.2599983215332,58.29999923706055,771500
2024-08-27,58.470001220703125,58.79999923706055,58.220001220703125,58.709999084472656,965300
2024-08-28,58.779998779296875,59.11000061035156,58.380001068115234,58.72999954223633,1298800
2024-08-29,58.849998474121094,59.38999938964844,58.29999923706055,59.31999969482422,859500
2024-08-30,59.189998626708984,59.75,59.099998474121094,59.70000076293945,1935900
2024-09-03,59.54999923706055,60.86000061035156,59.150001525878906,60.52000045776367,1379900
2024-09-04,60.599998474121094,61.279998779296875,60.15999984741211,60.58000183105469,1436800
2024-09-05,60.7599983215332,60.7599983215332,58.650001525878906,59.02000045776367,2041200
2024-09-06,59.02000045776367,59.56999969482422,58.68000030517578,58.689998626708984,1362800
2024-09-09,59.06999969482422,59.83000183105469,58.650001525878906,59.380001068115234,1734100
2024-09-10,59.540000915527344,59.70000076293945,58.439998626708984,58.4900016784668,1350900
2024-09-11,58.369998931884766,58.459999084472656,56.720001220703125,57.11000061035156,1615400
2024-09-12,57.20000076293945,57.86000061035156,56.970001220703125,57.779998779296875,1213300
2024-09-13,57.849998474121094,58.38999938964844,57.849998474121094,58.34000015258789,1015300
2024-09-16,58.70000076293945,59.380001068115234,58.470001220703125,58.75,1421300
2024-09-17,58.7599983215332,59.150001525878906,58.0099983215332,58.130001068115234,3442700
2024-09-18,58.380001068115234,58.4900016784668,57.7400016784668,57.810001373291016,1807500
2024-09-19,57.90999984741211,58.02000045776367,57.189998626708984,57.52000045776367,1492600
2024-09-20,57.150001525878906,57.75,57.0099983215332,57.45000076293945,5837100
2024-09-23,57.36000061035156,57.790000915527344,57.09000015258789,57.439998626708984,1573000
2024-09-24,56.9900016784668,57.279998779296875,56.459999084472656,56.650001525878906,1398900
2024-09-25,56.939998626708984,56.97999954223633,56.18000030517578,56.38999938964844,1735600
2024-09-26,56.220001220703125,56.849998474121094,55.88999938964844,56.709999084472656,1569400
2024-09-27,56.5,56.959999084472656,56.36000061035156,56.5099983215332,1274600
2024-09-30,56.56999969482422,56.7599983215332,55.79999923706055,56.72999954223633,2287900
2024-10-01,56.540000915527344,57.369998931884766,56.13999938964844,57.2599983215332,2586400
2024-10-02,57.150001525878906,57.709999084472656,56.88999938964844,57.630001068115234,2643200
2024-10-03,57.63999938964844,57.7599983215332,56.720001220703125,57.15999984741211,1766000
2024-10-04,57.290000915527344,58.72999954223633,57.13999938964844,58.5099983215332,1434400
2024-10-07,57.95000076293945,58.15999984741211,56.0099983215332,56.47999954223633,2528600
2024-10-08,56.720001220703125,57.72999954223633,56.290000915527344,57.470001220703125,2107100
2024-10-09,57.22999954223633,58.29999923706055,57.22999954223633,57.9900016784668,1442600
2024-10-10,59.0,59.119998931884766,57.79999923706055,58.099998474121094,1469000
2024-10-11,58.470001220703125,58.95000076293945,58.27000045776367,58.56999969482422,1040500
2024-10-14,58.34000015258789,59.439998626708984,58.08000183105469,59.2599983215332,1629500
2024-10-15,59.29999923706055,59.97999954223633,58.790000915527344,58.91999816894531,1827100
2024-10-16,59.0099983215332,59.54999923706055,58.83000183105469,59.279998779296875,1574200
2024-10-17,60.459999084472656,61.290000915527344,60.2400016784668,61.040000915527344,2536800
2024-10-18,61.220001220703125,61.599998474121094,60.720001220703125,61.2599983215332,7725000
2024-10-21,61.5,61.959999084472656,61.02000045776367,61.029998779296875,3249600
2024-10-22,60.5,60.5,57.95000076293945,58.529998779296875,3651000
2024-10-23,58.5099983215332,59.16999816894531,57.84000015258789,59.130001068115234,2206400
2024-10-24,59.279998779296875,60.040000915527344,59.18000030517578,59.310001373291016,1822100
2024-10-25,59.189998626708984,59.36000061035156,57.93000030517578,58.15999984741211,1826200
2024-10-28,58.56999969482422,59.0,58.2400016784668,58.40999984741211,1430300
2024-10-29,58.36000061035156,58.72999954223633,57.560001373291016,57.619998931884766,1703300
2024-10-30,58.029998779296875,58.29999923706055,57.81999969482422,58.02000045776367,1165000
2024-10-31,57.72999954223633,57.97999954223633,57.150001525878906,57.16999816894531,2347100
2024-11-01,57.380001068115234,57.88999938964844,57.130001068115234,57.5,1317200
2024-11-04,57.560001373291016,57.869998931884766,57.2400016784668,57.529998779296875,1351300
2024-11-05,57.54999923706055,58.22999954223633,57.4900016784668,58.209999084472656,994300
2024-11-06,61.150001525878906,61.150001525878906,59.58000183105469,60.66999816894531,1659400
2024-11-07,60.58000183105469,60.58000183105469,59.52000045776367,59.619998931884766,1186100
2024-11-08,60.119998931884766,60.86000061035156,59.470001220703125,60.54999923706055,940200
2024-11-11,60.849998474121094,61.34000015258789,60.380001068115234,60.41999816894531,1437200
2024-11-12,60.66999816894531,60.7599983215332,60.08000183105469,60.400001525878906,1056000
2024-11-13,60.220001220703125,60.54999923706055,60.029998779296875,60.2400016784668,1295300
2024-11-14,60.04999923706055,60.349998474121094,59.41999816894531,59.650001525878906,1763300
2024-11-15,59.61000061035156,60.84000015258789,59.61000061035156,60.7400016784668,2074000
2024-11-18,60.459999084472656,61.040000915527344,60.43000030517578,60.83000183105469,1330300
2024-11-19,60.34000015258789,60.5,59.540000915527344,60.189998626708984,829800
2024-11-20,60.52000045776367,61.13999938964844,59.970001220703125,60.939998626708984,941400
2024-11-21,61.2400016784668,62.2599983215332,60.900001525878906,62.13999938964844,1830000
2024-11-22,62.04999923706055,62.540000915527344,62.04999923706055,62.27000045776367,1033500
2024-11-25,63.25,63.459999084472656,62.66999816894531,63.04999923706055,1616600
2024-11-26,63.189998626708984,64.45999908447266,62.959999084472656,64.33000183105469,1150000
2024-11-27,64.52999877929688,65.48999786376953,64.33000183105469,64.94000244140625,1158100
2024-11-29,65.12999725341797,65.37999725341797,64.51000213623047,64.55000305175781,853400
2024-12-02,64.66000366210938,64.76000213623047,63.56999969482422,63.650001525878906,1065500
2024-12-03,63.849998474121094,63.869998931884766,63.04999923706055,63.52000045776367,1081000
2024-12-04,63.34000015258789,63.849998474121094,63.0,63.65999984741211,795100
2024-12-05,63.689998626708984,64.27999877929688,63.369998931884766,63.61000061035156,791500
2024-12-06,63.45000076293945,63.91999816894531,62.709999084472656,62.95000076293945,1467200
2024-12-09,63.060001373291016,63.18000030517578,61.959999084472656,62.040000915527344,1211700
2024-12-10,61.970001220703125,61.970001220703125,60.380001068115234,61.290000915527344,1215700
2024-12-11,61.2400016784668,61.380001068115234,60.43000030517578,60.869998931884766,2196300
2024-12-12,61.20000076293945,61.560001373291016,60.439998626708984,60.47999954223633,1208400
2024-12-13,60.84000015258789,61.09000015258789,60.630001068115234,60.7599983215332,1372500
2024-12-16,60.22999954223633,60.34000015258789,59.66999816894531,59.709999084472656,1305800
2024-12-17,59.31999969482422,59.63999938964844,58.7599983215332,58.849998474121094,1446100
2024-12-18,58.77000045776367,59.31999969482422,57.849998474121094,57.869998931884766,1754200
2024-12-19,57.970001220703125,58.58000183105469,57.779998779296875,58.029998779296875,1598600
2024-12-20,57.84000015258789,59.150001525878906,56.880001068115234,58.56999969482422,4520900
2024-12-23,58.150001525878906,58.54999923706055,57.79999923706055,58.40999984741211,2017900
2024-12-24,58.310001373291016,58.7599983215332,58.2400016784668,58.709999084472656,544200
2024-12-26,58.66999816894531,59.310001373291016,58.560001373291016,59.220001220703125,808700
2024-12-27,58.77000045776367,59.41999816894531,58.65999984741211,58.970001220703125,824500
2024-12-30,58.5,58.810001373291016,58.02000045776367,58.52000045776367,794700
2024-12-31,58.779998779296875,58.779998779296875,58.20000076293945,58.52000045776367,831200
2025-01-02,58.959999084472656,58.959999084472656,57.869998931884766,58.0099983215332,1384900
2025-01-03,58.099998474121094,58.099998474121094,57.439998626708984,57.93000030517578,1616000
2025-01-06,57.849998474121094,58.16999816894531,57.04999923706055,57.220001220703125,1958200
2025-01-07,57.279998779296875,58.18000030517578,57.150001525878906,57.5,1437900
2025-01-08,57.4900016784668,58.16999816894531,57.040000915527344,58.09000015258789,1225000
2025-01-10,57.099998474121094,57.470001220703125,55.970001220703125,56.70000076293945,2092700
2025-01-13,56.529998779296875,57.52000045776367,56.529998779296875,57.29999923706055,1835300
2025-01-14,57.220001220703125,58.619998931884766,57.0,58.59000015258789,1368000
2025-01-15,59.2599983215332,59.97999954223633,59.15999984741211,59.939998626708984,1801600
2025-01-16,59.90999984741211,60.540000915527344,59.7400016784668,60.369998931884766,1961300
2025-01-17,60.5099983215332,60.540000915527344,59.4900016784668,59.5,7137100
2025-01-21,59.619998931884766,60.0,59.06999969482422,59.189998626708984,2305700
2025-01-22,59.540000915527344,59.7599983215332,58.939998626708984,59.04999923706055,2248900
2025-01-23,58.470001220703125,58.790000915527344,56.869998931884766,56.93000030517578,2637100
2025-01-24,56.880001068115234,57.54999923706055,56.86000061035156,57.52000045776367,2186100
2025-01-27,58.220001220703125,59.5,57.75,59.20000076293945,2618300
2025-01-28,60.720001220703125,61.11000061035156,58.959999084472656,59.34000015258789,2974700
2025-01-29,59.029998779296875,59.2599983215332,58.279998779296875,58.66999816894531,2155800
2025-01-30,58.84000015258789,59.529998779296875,58.66999816894531,59.290000915527344,1756900
2025-01-31,59.029998779296875,59.470001220703125,58.29999923706055,58.83000183105469,2496900
2025-02-03,58.56999969482422,59.939998626708984,58.06999969482422,59.52000045776367,1990500
2025-02-04,59.72999954223633,60.400001525878906,59.599998474121094,60.290000915527344,1712400
2025-02-05,60.720001220703125,60.88999938964844,60.150001525878906,60.849998474121094,1330800
2025-02-06,61.36000061035156,61.630001068115234,61.0,61.47999954223633,1462200
2025-02-07,61.41999816894531,61.54999923706055,61.0,61.5099983215332,1343300
2025-02-10,61.33000183105469,61.47999954223633,60.529998779296875,60.81999969482422,1455800
2025-02-11,60.95000076293945,61.41999816894531,60.439998626708984,61.20000076293945,1406900
2025-02-12,60.790000915527344,61.13999938964844,60.47999954223633,60.7400016784668,1454000
2025-02-13,60.77000045776367,61.61000061035156,60.689998626708984,61.4900016784668,1201800
2025-02-14,61.31999969482422,61.540000915527344,60.310001373291016,60.349998474121094,1432700
2025-02-18,60.5,60.689998626708984,60.15999984741211,60.5099983215332,1224500
2025-02-19,60.400001525878906,61.04999923706055,60.31999969482422,60.79999923706055,1235700
2025-02-20,60.380001068115234,60.56999969482422,59.54999923706055,60.400001525878906,1116100
2025-02-21,60.29999923706055,61.150001525878906,60.20000076293945,60.970001220703125,1639800
2025-02-24,61.119998931884766,62.66999816894531,61.119998931884766,62.310001373291016,2573800
2025-02-25,62.779998779296875,62.9900016784668,62.209999084472656,62.81999969482422,1527600
2025-02-26,62.560001373291016,62.81999969482422,61.290000915527344,61.38999938964844,2213800
2025-02-27,61.599998474121094,62.689998626708984,61.470001220703125,62.119998931884766,1549900
2025-02-28,62.630001068115234,63.18000030517578,62.060001373291016,63.08000183105469,1680000
2025-03-03,63.029998779296875,63.880001068115234,63.02000045776367,63.72999954223633,1404900
2025-03-04,63.790000915527344,63.97999954223633,62.150001525878906,62.22999954223633,1273300
2025-03-05,62.15999984741211,62.93000030517578,62.09000015258789,62.529998779296875,1139400
2025-03-06,62.279998779296875,62.34000015258789,61.630001068115234,62.16999816894531,1204100
2025-03-07,61.95000076293945,63.0099983215332,61.75,62.560001373291016,1387100
2025-03-10,62.25,63.95000076293945,62.25,62.959999084472656,1407200
2025-03-11,63.0099983215332,63.15999984741211,61.90999984741211,61.959999084472656,2386300
2025-03-12,61.75,61.939998626708984,60.68000030517578,61.54999923706055,1368200
2025-03-13,61.779998779296875,62.70000076293945,61.560001373291016,61.869998931884766,1558000
2025-03-14,62.09000015258789,63.34000015258789,61.970001220703125,63.22999954223633,1277200
2025-03-17,63.0,64.31999969482422,62.970001220703125,64.08000183105469,1805600
2025-03-18,63.9900016784668,64.26000213623047,63.18000030517578,63.400001525878906,1326300
2025-03-19,63.400001525878906,63.97999954223633,63.150001525878906,63.689998626708984,1676300
2025-03-20,63.5099983215332,64.0,63.279998779296875,63.59000015258789,1110300
2025-03-21,63.41999816894531,63.970001220703125,63.029998779296875,63.2400016784668,4177600
2025-03-24,63.779998779296875,64.18000030517578,63.400001525878906,64.0999984741211,1173200
2025-03-25,64.5,64.83999633789062,63.790000915527344,64.41999816894531,1385500
2025-03-26,64.76000213623047,65.45999908447266,64.55000305175781,65.23999786376953,1339900
2025-03-27,65.6500015258789,66.54000091552734,65.06999969482422,66.27999877929688,1639300
2025-03-28,70.83000183105469,76.37999725341797,70.6500015258789,71.2699966430664,8170400
2025-03-31,71.36000061035156,72.08999633789062,70.47000122070312,71.16000366210938,3895800
2025-04-01,70.80999755859375,71.52999877929688,69.94000244140625,70.25,3055800
2025-04-02,70.0,70.3499984741211,69.1500015258789,69.75,2246100
2025-04-03,68.86000061035156,70.88999938964844,68.86000061035156,70.29000091552734,2311100
2025-04-04,68.62999725341797,69.66999816894531,65.23999786376953,65.43000030517578,2853200
2025-04-07,64.55000305175781,65.79000091552734,62.630001068115234,64.27999877929688,3219200
2025-04-08,66.05999755859375,66.9800033569336,64.4000015258789,65.31999969482422,2684400
2025-04-09,63.650001525878906,67.2300033569336,63.650001525878906,66.93000030517578,3277900
2025-04-10,66.44999694824219,67.86000061035156,65.27999877929688,67.11000061035156,2503800
2025-04-11,66.88999938964844,68.76000213623047,66.08000183105469,68.44999694824219,2575000
2025-04-14,68.87000274658203,69.80999755859375,68.55999755859375,69.33999633789062,1716600
2025-04-15,69.45999908447266,69.66000366210938,68.25,68.36000061035156,1388300
2025-04-16,69.2300033569336,69.83000183105469,68.08999633789062,68.44999694824219,1484200
2025-04-17,68.6500015258789,69.44000244140625,68.12999725341797,68.80000305175781,2145100
2025-04-21,68.9000015258789,69.05000305175781,66.58999633789062,67.33000183105469,1834800
2025-04-22,67.5999984741211,71.08999633789062,66.19999694824219,70.8499984741211,2648000
2025-04-23,71.0,71.33000183105469,69.62999725341797,71.23999786376953,2497800
2025-04-24,71.0199966430664,72.0,70.02999877929688,71.75,1819900
2025-04-25,71.3499984741211,71.48999786376953,70.0,70.4800033569336,1814700
2025-04-28,70.68000030517578,71.12999725341797,70.25,70.69000244140625,1592600
2025-04-29,70.58999633789062,71.38999938964844,70.26000213623047,71.27999877929688,1626400
2025-04-30,71.51000213623047,71.9000015258789,69.93000030517578,71.69000244140625,2105600
2025-05-01,71.02999877929688,71.83000183105469,70.16000366210938,71.18000030517578,1581600
2025-05-02,71.91000366210938,72.9000015258789,71.66999816894531,72.61000061035156,1706300
2025-05-05,72.41999816894531,72.80000305175781,71.5199966430664,72.48999786376953,995200
2025-05-06,72.18000030517578,73.0999984741211,72.18000030517578,72.66000366210938,1471500
2025-05-07,72.61000061035156,73.41999816894531,72.33000183105469,73.08000183105469,2212400
2025-05-08,72.91999816894531,73.4000015258789,72.66999816894531,72.72000122070312,1430900
2025-05-09,72.5999984741211,72.93000030517578,72.27999877929688,72.48999786376953,1105900
2025-05-12,72.7699966430664,72.7699966430664,70.29000091552734,72.19999694824219,1517400
2025-05-13,72.44000244140625,72.7300033569336,71.63999938964844,71.68000030517578,1342000
2025-05-14,71.83000183105469,71.83000183105469,70.51000213623047,71.0199966430664,1208600
2025-05-15,71.55000305175781,72.69999694824219,71.25,72.69999694824219,1237900
2025-05-16,72.80999755859375,73.30000305175781,72.47000122070312,73.27999877929688,1299000
2025-05-19,73.66999816894531,73.97000122070312,73.22000122070312,73.81999969482422,1000100
2025-05-20,73.54000091552734,73.8499984741211,73.27999877929688,73.55000305175781,746900
2025-05-21,73.29000091552734,73.7699966430664,72.88999938964844,73.19999694824219,1258000
2025-05-22,72.77999877929688,73.08000183105469,71.66999816894531,72.19000244140625,1248500
2025-05-23,72.0,73.25,71.9800033569336,73.08000183105469,1261400
2025-05-27,73.29000091552734,74.20999908447266,72.94999694824219,74.19999694824219,1299100
2025-05-28,73.9000015258789,74.37999725341797,73.1500015258789,73.29000091552734,1078400
2025-05-29,73.13999938964844,73.98999786376953,73.0,73.95999908447266,1324400
2025-05-30,73.6500015258789,74.93000030517578,73.30999755859375,74.69000244140625,4276300
2025-06-02,74.13999938964844,75.18000030517578,73.87999725341797,75.16999816894531,1181100
2025-06-03,74.80999755859375,75.44000244140625,73.30000305175781,74.76000213623047,1396000
2025-06-04,74.76000213623047,74.76000213623047,73.63999938964844,74.04000091552734,1129700
2025-06-05,74.08999633789062,74.22000122070312,73.30000305175781,73.87000274658203,1063600
2025-06-06,74.44999694824219,74.62999725341797,73.69000244140625,74.22000122070312,916000
2025-06-09,73.91999816894531,74.25,71.36000061035156,72.73999786376953,1289000
2025-06-10,72.48999786376953,72.62999725341797,71.4800033569336,71.80000305175781,1139400
2025-06-11,71.80999755859375,72.52999877929688,71.08999633789062,72.38999938964844,1520300
2025-06-12,72.5199966430664,73.8499984741211,72.44000244140625,73.79000091552734,1584000
2025-06-13,73.69000244140625,74.0199966430664,73.08999633789062,73.29000091552734,1619900
2025-06-16,73.41999816894531,74.05999755859375,72.9800033569336,73.12000274658203,1312500
2025-06-17,72.9800033569336,73.16999816894531,72.43000030517578,72.88999938964844,1329800
2025-06-18,72.86000061035156,73.52999877929688,72.54000091552734,72.77999877929688,1457700
2025-06-20,72.94000244140625,73.8499984741211,72.72000122070312,73.75,3887100
2025-06-23,73.30999755859375,73.93000030517578,72.87999725341797,73.91999816894531,2290900
2025-06-24,73.86000061035156,74.08999633789062,73.08999633789062,73.2699966430664,1642700
2025-06-25,72.94000244140625,73.02999877929688,71.55999755859375,71.80000305175781,1792900
2025-06-26,72.04000091552734,72.47000122070312,71.6500015258789,72.33999633789062,1520600
2025-06-27,71.77999877929688,72.62999725341797,71.5,72.29000091552734,2406700
2025-06-30,72.23999786376953,73.56999969482422,71.8499984741211,73.47000122070312,1537800
2025-07-01,73.41000366210938,73.58000183105469,71.87999725341797,72.86000061035156,2099800
2025-07-02,72.19999694824219,72.44000244140625,69.5199966430664,70.76000213623047,3455400
2025-07-03,71.25,71.70999908447266,70.83999633789062,71.48999786376953,1422300
2025-07-07,71.37000274658203,71.95999908447266,70.30999755859375,70.75,2425700
2025-07-08,70.30000305175781,70.83999633789062,70.05000305175781,70.37000274658203,1874400
2025-07-09,70.2300033569336,70.5199966430664,69.58999633789062,69.75,2085900
2025-07-10,69.5999984741211,69.62000274658203,68.2699966430664,69.1500015258789,3123100
2025-07-11,68.87999725341797,69.25,68.52999877929688,68.87999725341797,2236100
2025-07-14,68.87999725341797,69.86000061035156,68.62000274658203,69.44999694824219,1777200
2025-07-15,69.0199966430664,69.37000274658203,67.69000244140625,67.77999877929688,1985400
2025-07-16,68.3499984741211,68.77999877929688,67.45999908447266,67.97000122070312,2236800
2025-07-17,68.0,68.37999725341797,67.56999969482422,68.12999725341797,2827400
2025-07-18,68.33000183105469,69.23999786376953,68.13999938964844,68.75,3744200
2025-07-21,68.8499984741211,69.0,67.80000305175781,67.80000305175781,3349300
2025-07-22,67.76000213623047,69.20999908447266,66.68000030517578,68.54000091552734,3443800
2025-07-23,68.62999725341797,68.98999786376953,67.7300033569336,68.55000305175781,2780900
2025-07-24,68.2699966430664,68.81999969482422,67.98999786376953,68.54000091552734,2322900
2025-07-25,68.45999908447266,69.16999816894531,68.41999816894531,68.98999786376953,1370200
2025-07-28,68.81999969482422,68.87000274658203,67.80999755859375,68.0,2013400
2025-07-29,68.47000122070312,68.88999938964844,67.9000015258789,68.62999725341797,1916500
2025-07-30,68.83000183105469,69.41999816894531,68.61000061035156,68.91000366210938,1908300
2025-07-31,68.9800033569336,69.8499984741211,68.7300033569336,68.80999755859375,2315300
2025-08-01,69.16000366210938,69.43000030517578,68.48999786376953,69.25,2237000
2025-08-04,69.44000244140625,70.61000061035156,69.25,70.4800033569336,1884400
2025-08-05,70.72000122070312,70.97000122070312,69.9800033569336,70.05999755859375,1686200
2025-08-06,70.23999786376953,70.91999816894531,69.94000244140625,70.55000305175781,1714000
2025-08-07,70.37000274658203,70.69999694824219,69.63999938964844,70.11000061035156,1686100
2025-08-08,70.47000122070312,71.02999877929688,70.41999816894531,70.62999725341797,1283000
2025-08-11,70.68000030517578,70.87999725341797,69.75,69.95999908447266,2170200
2025-08-12,70.13999938964844,70.30999755859375,69.56999969482422,70.01000213623047,2111600
2025-08-13,70.33999633789062,71.44000244140625,70.19000244140625,71.3499984741211,1803700
2025-08-14,71.62999725341797,71.76000213623047,70.95999908447266,71.55999755859375,1311400
2025-08-15,71.91000366210938,71.91000366210938,70.55999755859375,70.79000091552734,3939300
2025-08-18,70.45999908447266,70.66999816894531,70.19000244140625,70.5,1977600
2025-08-19,70.51000213623047,71.68000030517578,70.47000122070312,71.55999755859375,1449900
2025-08-20,71.95999908447266,72.97000122070312,71.79000091552734,72.63999938964844,1282000
2025-08-21,72.5999984741211,72.91999816894531,72.37000274658203,72.51000213623047,1309600
2025-08-22,72.9800033569336,73.08999633789062,71.95999908447266,72.13999938964844,1423600
2025-08-25,71.87000274658203,72.05999755859375,71.08999633789062,71.12999725341797,1283500
2025-08-26,71.0999984741211,71.33000183105469,70.81999969482422,71.05000305175781,1854500
2025-08-27,71.20999908447266,71.9800033569336,70.98999786376953,71.66999816894531,1133300
2025-08-28,71.33000183105469,71.52999877929688,70.91000366210938,71.23999786376953,1260600
2025-08-29,71.4000015258789,71.86000061035156,71.22000122070312,71.69000244140625,1383900
2025-09-02,71.7699966430664,72.22000122070312,71.22000122070312,71.9800033569336,1521700
2025-09-03,71.6500015258789,72.37999725341797,71.4000015258789,72.27999877929688,1320400
2025-09-04,72.80999755859375,73.3499984741211,72.5199966430664,72.91999816894531,1606100
2025-09-05,72.83000183105469,73.0199966430664,71.6500015258789,71.95999908447266,1242700
2025-09-08,71.8499984741211,72.58000183105469,71.08999633789062,72.41000366210938,1507300
2025-09-09,72.2699966430664,72.70999908447266,72.02999877929688,72.27999877929688,1445800
2025-09-10,71.97000122070312,72.26000213623047,71.55000305175781,72.1500015258789,1525400
2025-09-11,72.20999908447266,73.87999725341797,71.98999786376953,73.77999877929688,1644400
2025-09-12,73.56999969482422,74.23999786376953,73.2300033569336,73.81999969482422,1496600
2025-09-15,73.66999816894531,74.04000091552734,72.7300033569336,72.79000091552734,1561300
2025-09-16,72.55999755859375,72.55999755859375,70.43000030517578,71.41999816894531,3552400
2025-09-17,71.5999984741211,73.31999969482422,71.41999816894531,73.11000061035156,1815800
2025-09-18,72.70999908447266,73.30000305175781,72.08999633789062,73.0999984741211,2548200
2025-09-19,73.30999755859375,73.66000366210938,72.98999786376953,73.38999938964844,3377300
2025-09-22,73.30000305175781,73.69000244140625,72.72000122070312,73.41000366210938,2017800
2025-09-23,73.19999694824219,74.25,73.05999755859375,74.13999938964844,1419400
2025-09-24,73.88999938964844,74.81999969482422,73.5199966430664,74.80999755859375,1788500
2025-09-25,75.0,75.33999633789062,74.19000244140625,74.55999755859375,2345900
2025-09-26,75.30000305175781,76.16999816894531,74.93000030517578,75.87999725341797,1582100
2025-09-29,75.91999816894531,76.05000305175781,75.36000061035156,76.0199966430664,1756700
2025-09-30,76.11000061035156,76.97000122070312,75.83000183105469,76.62000274658203,1879000
2025-10-01,76.37000274658203,76.4000015258789,75.13999938964844,75.41000366210938,2871400
2025-10-02,74.95999908447266,76.36000061035156,74.73999786376953,76.18000030517578,2032000
2025-10-03,76.23999786376953,77.30999755859375,75.76000213623047,76.86000061035156,2113300
2025-10-06,76.98999786376953,77.58000183105469,76.66999816894531,76.9800033569336,1816600
2025-10-07,77.23999786376953,77.94999694824219,77.20999908447266,77.7699966430664,1668400
2025-10-08,78.38999938964844,78.38999938964844,77.54000091552734,77.83999633789062,1399100
2025-10-09,78.04000091552734,78.4000015258789,77.19000244140625,77.5199966430664,1597500
2025-10-10,77.9800033569336,78.43000030517578,77.45999908447266,77.6500015258789,1775300
2025-10-13,77.3499984741211,78.0,76.62999725341797,77.44999694824219,1475100
2025-10-14,77.80999755859375,78.4800033569336,77.2699966430664,78.45999908447266,1667300
2025-10-15,78.0199966430664,78.0199966430664,75.47000122070312,76.38999938964844,2976200
2025-10-16,75.70999908447266,75.86000061035156,73.41000366210938,73.6500015258789,3186200
2025-10-17,73.69999694824219,74.30000305175781,73.41000366210938,74.05000305175781,3911100
2025-10-20,74.30000305175781,74.5199966430664,73.36000061035156,73.4800033569336,3011400
2025-10-21,71.48999786376953,75.38999938964844,71.12000274658203,75.0,5517700
2025-10-22,74.83000183105469,75.55000305175781,73.83000183105469,75.0199966430664,5630400
2025-10-23,75.45999908447266,75.45999908447266,74.36000061035156,75.23999786376953,4568600
2025-10-24,75.22000122070312,75.5199966430664,74.61000061035156,75.02999877929688,3852100
2025-10-27,74.93000030517578,75.52999877929688,74.69000244140625,75.26000213623047,2289900
2025-10-28,75.05999755859375,75.05999755859375,72.3499984741211,72.61000061035156,3053600
2025-10-29,72.19000244140625,72.19999694824219,70.7699966430664,71.4000015258789,4271800
2025-10-30,71.72000122070312,72.13999938964844,71.0,71.54000091552734,7972100
2025-10-31,70.81999969482422,71.66000366210938,70.70999908447266,71.33999633789062,3013800
2025-11-03,71.30999755859375,71.83000183105469,70.30000305175781,71.77999877929688,5321400
2025-11-04,72.12000274658203,74.05000305175781,72.11000061035156,74.05000305175781,3244300
2025-11-05,74.05000305175781,75.06999969482422,73.9800033569336,74.72000122070312,2420000
2025-11-06,74.91000366210938,75.69999694824219,74.55000305175781,74.58000183105469,2309800
2025-11-07,74.20999908447266,75.62999725341797,74.16000366210938,74.97000122070312,2048100
2025-11-10,74.58999633789062,75.87000274658203,74.31999969482422,75.83999633789062,2866700
2025-11-11,76.2300033569336,76.63999938964844,75.58999633789062,76.3499984741211,1298000
2025-11-12,76.23999786376953,76.87999725341797,76.23999786376953,76.6500015258789,1884200
2025-11-13,76.69999694824219,77.4000015258789,76.66999816894531,76.95999908447266,2262800
2025-11-14,77.19999694824219,77.9000015258789,76.37999725341797,77.0,3179100
2025-11-17,77.33999633789062,77.83000183105469,76.87999725341797,77.0999984741211,1826700
2025-11-18,76.95999908447266,78.01000213623047,76.86000061035156,77.5,2174800
2025-11-19,77.33999633789062,78.11000061035156,76.29000091552734,76.69000244140625,2249800
2025-11-20,77.05999755859375,77.62999725341797,76.6500015258789,77.30000305175781,1847500
2025-11-21,77.58999633789062,78.95999908447266,77.41999816894531,78.0999984741211,2008700
2025-11-24,78.16000366210938,78.33000183105469,77.37000274658203,77.52999877929688,2704000
2025-11-25,78.06999969482422,78.44000244140625,77.7699966430664,77.91999816894531,1745800
2025-11-26,78.1500015258789,78.4000015258789,77.63999938964844,77.63999938964844,1191800
2025-11-28,77.48999786376953,77.95999908447266,77.43000030517578,77.69000244140625,629900
2025-12-01,77.5999984741211,78.05999755859375,72.95999908447266,72.9800033569336,4340300
2025-12-02,72.54000091552734,73.69999694824219,72.5,72.80000305175781,4044500
2025-12-03,73.12999725341797,73.54000091552734,71.31999969482422,71.6500015258789,3460100
2025-12-04,71.69000244140625,71.94000244140625,70.56999969482422,70.87000274658203,5683900
